LocalTimestamp,EmotiBitTimestamp,PacketNumber,DataLength,TypeTag,ProtocolVersion,DataReliability,EA
1777235661.265713,182939.000,29223,2,EA,1,100,0.030262
1777235661.265713,182939.000,29223,2,EA,1,100,0.030259
1777235661.332715,183006.000,29241,1,EA,1,100,0.030261
1777235661.399216,183072.500,29257,2,EA,1,100,0.030260
1777235661.465718,183139.000,29257,2,EA,1,100,0.030261
1777235661.532719,183206.000,29275,1,EA,1,100,0.030259
1777235661.599221,183272.500,29292,2,EA,1,100,0.030261
1777235661.665722,183339.000,29292,2,EA,1,100,0.030260
1777235661.732723,183406.000,29311,1,EA,1,100,0.030261
1777235661.799225,183472.500,29326,2,EA,1,100,0.030260
1777235661.865726,183539.000,29326,2,EA,1,100,0.030261
1777235661.932728,183606.000,29344,1,EA,1,100,0.030259
1777235661.999229,183672.500,29362,2,EA,1,100,0.030261
1777235662.065730,183739.000,29362,2,EA,1,100,0.030259
1777235662.132732,183806.000,29380,1,EA,1,100,0.030261
1777235662.199233,183872.500,29395,2,EA,1,100,0.030259
1777235662.265735,183939.000,29395,2,EA,1,100,0.030262
1777235662.332736,184006.000,29413,1,EA,1,100,0.030260
1777235662.399237,184072.500,29431,2,EA,1,100,0.030262
1777235662.465739,184139.000,29431,2,EA,1,100,0.030260
1777235662.532740,184206.000,29449,1,EA,1,100,0.030262
1777235662.599242,184272.500,29465,2,EA,1,100,0.030259
1777235662.665743,184339.000,29465,2,EA,1,100,0.030262
1777235662.732744,184406.000,29483,1,EA,1,100,0.030259
1777235662.799246,184472.500,29500,2,EA,1,100,0.030261
1777235662.865747,184539.000,29500,2,EA,1,100,0.030259
1777235662.932249,184605.500,29518,2,EA,1,100,0.030260
1777235662.998750,184672.000,29518,2,EA,1,100,0.030259
1777235663.065752,184739.000,29536,1,EA,1,100,0.030260
1777235663.132253,184805.500,29552,2,EA,1,100,0.030259
1777235663.198754,184872.000,29552,2,EA,1,100,0.030261
1777235663.265756,184939.000,29569,1,EA,1,100,0.030259
1777235663.332257,185005.500,29588,2,EA,1,100,0.030261
1777235663.398759,185072.000,29588,2,EA,1,100,0.030259
1777235663.465760,185139.000,29605,1,EA,1,100,0.030261
1777235663.532261,185205.500,29621,2,EA,1,100,0.030259
1777235663.598763,185272.000,29621,2,EA,1,100,0.030261
1777235663.665764,185339.000,29638,1,EA,1,100,0.030258
1777235663.732266,185405.500,29662,2,EA,1,100,0.030260
1777235663.798767,185472.000,29662,2,EA,1,100,0.030259
1777235663.865768,185539.000,29679,1,EA,1,100,0.030261
1777235663.932270,185605.500,29697,2,EA,1,100,0.030258
1777235663.998771,185672.000,29697,2,EA,1,100,0.030260
1777235664.065773,185739.000,29715,1,EA,1,100,0.030259
1777235664.132274,185805.500,29733,2,EA,1,100,0.030260
1777235664.198776,185872.000,29733,2,EA,1,100,0.030258
1777235664.265777,185939.000,29750,1,EA,1,100,0.030260
1777235664.332278,186005.500,29770,2,EA,1,100,0.030259
1777235664.398780,186072.000,29770,2,EA,1,100,0.030260
1777235664.465781,186139.000,29786,1,EA,1,100,0.030259
1777235664.532283,186205.500,29804,2,EA,1,100,0.030260
1777235664.598784,186272.000,29804,2,EA,1,100,0.030258
1777235664.665785,186339.000,29822,2,EA,1,100,0.030260
1777235664.732787,186406.000,29822,2,EA,1,100,0.030258
1777235664.798788,186472.000,29840,1,EA,1,100,0.030259
1777235664.865790,186539.000,29857,2,EA,1,100,0.030258
1777235664.932791,186606.000,29857,2,EA,1,100,0.030259
1777235664.998792,186672.000,29875,1,EA,1,100,0.030258
1777235665.065794,186739.000,29895,2,EA,1,100,0.030259
1777235665.132795,186806.000,29895,2,EA,1,100,0.030258
1777235665.198797,186872.000,29913,1,EA,1,100,0.030260
1777235665.265298,186938.500,29930,2,EA,1,100,0.030258
1777235665.331800,187005.000,29930,2,EA,1,100,0.030261
1777235665.398801,187072.000,29949,1,EA,1,100,0.030258
1777235665.465302,187138.500,29966,2,EA,1,100,0.030260
1777235665.531804,187205.000,29966,2,EA,1,100,0.030258
1777235665.598805,187272.000,29984,1,EA,1,100,0.030260
1777235665.665307,187338.500,30000,2,EA,1,100,0.030258
1777235665.731808,187405.000,30000,2,EA,1,100,0.030261
1777235665.798809,187472.000,30018,1,EA,1,100,0.030259
1777235665.865311,187538.500,30035,2,EA,1,100,0.030261
1777235665.931812,187605.000,30035,2,EA,1,100,0.030259
1777235665.998814,187672.000,30053,1,EA,1,100,0.030261
1777235666.065315,187738.500,30069,2,EA,1,100,0.030259
1777235666.131816,187805.000,30069,2,EA,1,100,0.030261
1777235666.198818,187872.000,30087,1,EA,1,100,0.030259
1777235666.265319,187938.500,30104,2,EA,1,100,0.030261
1777235666.331821,188005.000,30104,2,EA,1,100,0.030259
1777235666.398822,188072.000,30123,1,EA,1,100,0.030261
1777235666.465323,188138.500,30139,2,EA,1,100,0.030259
1777235666.531825,188205.000,30139,2,EA,1,100,0.030261
1777235666.598826,188272.000,30156,1,EA,1,100,0.030259
1777235666.665328,188338.500,30174,2,EA,1,100,0.030261
1777235666.731829,188405.000,30174,2,EA,1,100,0.030258
1777235666.798831,188472.000,30194,1,EA,1,100,0.030260
1777235666.865332,188538.500,30210,2,EA,1,100,0.030258
1777235666.931834,188605.000,30210,2,EA,1,100,0.030261
1777235666.998835,188672.000,30228,2,EA,1,100,0.030258
1777235667.065836,188739.000,30228,2,EA,1,100,0.030259
1777235667.131838,188805.000,30245,1,EA,1,100,0.030258
1777235667.198839,188872.000,30263,2,EA,1,100,0.030261
1777235667.265841,188939.000,30263,2,EA,1,100,0.030258
1777235667.331842,189005.000,30280,1,EA,1,100,0.030259
1777235667.398843,189072.000,30297,2,EA,1,100,0.030258
1777235667.465845,189139.000,30297,2,EA,1,100,0.030260
1777235667.531846,189205.000,30314,1,EA,1,100,0.030258
1777235667.598848,189272.000,30332,2,EA,1,100,0.030261
1777235667.665849,189339.000,30332,2,EA,1,100,0.030259
1777235667.731850,189405.000,30350,1,EA,1,100,0.030261
1777235667.798852,189472.000,30366,2,EA,1,100,0.030259
1777235667.865853,189539.000,30366,2,EA,1,100,0.030261
1777235667.931854,189605.000,30385,1,EA,1,100,0.030259
1777235667.998856,189672.000,30404,2,EA,1,100,0.030260
1777235668.065857,189739.000,30404,2,EA,1,100,0.030258
1777235668.131859,189805.000,30421,1,EA,1,100,0.030260
1777235668.198860,189872.000,30437,2,EA,1,100,0.030259
1777235668.265862,189939.000,30437,2,EA,1,100,0.030260
1777235668.331863,190005.000,30454,1,EA,1,100,0.030258
1777235668.398865,190072.000,30473,2,EA,1,100,0.030260
1777235668.465866,190139.000,30473,2,EA,1,100,0.030258
1777235668.531867,190205.000,30490,1,EA,1,100,0.030259
1777235668.598869,190272.000,30507,2,EA,1,100,0.030258
1777235668.665870,190339.000,30507,2,EA,1,100,0.030260
1777235668.731872,190405.000,30524,1,EA,1,100,0.030258
1777235668.798873,190472.000,30547,2,EA,1,100,0.030260
1777235668.865874,190539.000,30547,2,EA,1,100,0.030258
1777235668.932376,190605.500,30564,2,EA,1,100,0.030260
1777235668.998877,190672.000,30564,2,EA,1,100,0.030258
1777235669.065879,190739.000,30583,1,EA,1,100,0.030260
1777235669.132380,190805.500,30599,2,EA,1,100,0.030258
1777235669.198881,190872.000,30599,2,EA,1,100,0.030260
1777235669.265883,190939.000,30616,1,EA,1,100,0.030258
1777235669.332384,191005.500,30634,2,EA,1,100,0.030259
1777235669.398886,191072.000,30634,2,EA,1,100,0.030258
1777235669.465887,191139.000,30652,1,EA,1,100,0.030260
1777235669.532388,191205.500,30668,2,EA,1,100,0.030258
1777235669.598890,191272.000,30668,2,EA,1,100,0.030259
1777235669.665391,191338.500,30686,2,EA,1,100,0.030259
1777235669.731893,191405.000,30686,2,EA,1,100,0.030260
1777235669.798894,191472.000,30703,1,EA,1,100,0.030258
1777235669.865396,191538.500,30721,2,EA,1,100,0.030260
1777235669.931897,191605.000,30721,2,EA,1,100,0.030258
1777235669.998898,191672.000,30738,1,EA,1,100,0.030261
1777235670.065400,191738.500,30757,2,EA,1,100,0.030259
1777235670.131901,191805.000,30757,2,EA,1,100,0.030261
1777235670.198903,191872.000,30774,1,EA,1,100,0.030258
1777235670.265404,191938.500,30792,2,EA,1,100,0.030260
1777235670.331905,192005.000,30792,2,EA,1,100,0.030258
1777235670.398907,192072.000,30810,1,EA,1,100,0.030260
1777235670.465408,192138.500,30826,2,EA,1,100,0.030258
1777235670.531910,192205.000,30826,2,EA,1,100,0.030261
1777235670.598911,192272.000,30843,1,EA,1,100,0.030259
1777235670.665412,192338.500,30862,2,EA,1,100,0.030260
1777235670.731914,192405.000,30862,2,EA,1,100,0.030258
1777235670.798915,192472.000,30879,1,EA,1,100,0.030260
1777235670.865417,192538.500,30895,2,EA,1,100,0.030258
1777235670.931918,192605.000,30895,2,EA,1,100,0.030261
1777235670.998919,192672.000,30912,1,EA,1,100,0.030258
1777235671.065421,192738.500,30931,2,EA,1,100,0.030259
1777235671.131922,192805.000,30931,2,EA,1,100,0.030258
1777235671.198924,192872.000,30948,1,EA,1,100,0.030260
1777235671.265425,192938.500,30964,2,EA,1,100,0.030259
1777235671.331927,193005.000,30964,2,EA,1,100,0.030260
1777235671.398928,193072.000,30982,1,EA,1,100,0.030259
1777235671.465429,193138.500,31002,2,EA,1,100,0.030260
1777235671.531931,193205.000,31002,2,EA,1,100,0.030258
1777235671.598932,193272.000,31019,1,EA,1,100,0.030260
1777235671.665434,193338.500,31037,2,EA,1,100,0.030258
1777235671.731935,193405.000,31037,2,EA,1,100,0.030260
1777235671.798936,193472.000,31053,1,EA,1,100,0.030258
1777235671.865438,193538.500,31071,2,EA,1,100,0.030261
1777235671.931939,193605.000,31071,2,EA,1,100,0.030258
1777235671.998441,193671.500,31089,2,EA,1,100,0.030260
1777235672.064942,193738.000,31089,2,EA,1,100,0.030258
1777235672.131943,193805.000,31107,1,EA,1,100,0.030260
1777235672.198445,193871.500,31122,2,EA,1,100,0.030258
1777235672.264946,193938.000,31122,2,EA,1,100,0.030260
1777235672.331948,194005.000,31140,1,EA,1,100,0.030258
1777235672.398449,194071.500,31158,2,EA,1,100,0.030260
1777235672.464951,194138.000,31158,2,EA,1,100,0.030258
1777235672.531952,194205.000,31176,1,EA,1,100,0.030260
1777235672.598453,194271.500,31191,2,EA,1,100,0.030258
1777235672.664955,194338.000,31191,2,EA,1,100,0.030260
1777235672.731956,194405.000,31210,1,EA,1,100,0.030258
1777235672.798458,194471.500,31227,2,EA,1,100,0.030259
1777235672.864959,194538.000,31227,2,EA,1,100,0.030258
1777235672.931960,194605.000,31245,1,EA,1,100,0.030261
1777235672.998462,194671.500,31261,2,EA,1,100,0.030259
1777235673.064963,194738.000,31261,2,EA,1,100,0.030260
1777235673.131965,194805.000,31281,1,EA,1,100,0.030258
1777235673.198466,194871.500,31298,2,EA,1,100,0.030260
1777235673.264967,194938.000,31298,2,EA,1,100,0.030259
1777235673.331969,195005.000,31316,1,EA,1,100,0.030261
1777235673.398470,195071.500,31332,2,EA,1,100,0.030259
1777235673.464972,195138.000,31332,2,EA,1,100,0.030260
1777235673.531973,195205.000,31350,1,EA,1,100,0.030258
1777235673.598475,195271.500,31367,2,EA,1,100,0.030260
1777235673.664976,195338.000,31367,2,EA,1,100,0.030258
1777235673.731977,195405.000,31386,1,EA,1,100,0.030259
1777235673.798479,195471.500,31402,2,EA,1,100,0.030258
1777235673.864980,195538.000,31402,2,EA,1,100,0.030259
1777235673.931982,195605.000,31419,1,EA,1,100,0.030258
1777235673.998483,195671.500,31442,2,EA,1,100,0.030259
1777235674.064984,195738.000,31442,2,EA,1,100,0.030257
1777235674.131986,195805.000,31460,1,EA,1,100,0.030259
1777235674.198487,195871.500,31476,2,EA,1,100,0.030258
1777235674.264989,195938.000,31476,2,EA,1,100,0.030259
1777235674.331490,196004.500,31494,2,EA,1,100,0.030258
1777235674.397991,196071.000,31494,2,EA,1,100,0.030260
1777235674.464993,196138.000,31511,1,EA,1,100,0.030259
1777235674.531494,196204.500,31529,2,EA,1,100,0.030260
1777235674.597996,196271.000,31529,2,EA,1,100,0.030258
1777235674.664997,196338.000,31546,1,EA,1,100,0.030259
1777235674.731498,196404.500,31563,2,EA,1,100,0.030258
1777235674.798000,196471.000,31563,2,EA,1,100,0.030260
1777235674.865001,196538.000,31580,1,EA,1,100,0.030258
1777235674.931503,196604.500,31598,2,EA,1,100,0.030259
1777235674.998004,196671.000,31598,2,EA,1,100,0.030258
1777235675.065006,196738.000,31618,1,EA,1,100,0.030259
1777235675.131507,196804.500,31636,2,EA,1,100,0.030258
1777235675.198008,196871.000,31636,2,EA,1,100,0.030259
1777235675.265010,196938.000,31653,1,EA,1,100,0.030258
1777235675.331511,197004.500,31672,2,EA,1,100,0.030260
1777235675.398013,197071.000,31672,2,EA,1,100,0.030258
1777235675.465014,197138.000,31689,1,EA,1,100,0.030259
1777235675.531515,197204.500,31705,2,EA,1,100,0.030258
1777235675.598017,197271.000,31705,2,EA,1,100,0.030260
1777235675.665018,197338.000,31722,1,EA,1,100,0.030258
1777235675.731520,197404.500,31743,2,EA,1,100,0.030260
1777235675.798021,197471.000,31743,2,EA,1,100,0.030258
1777235675.865022,197538.000,31760,1,EA,1,100,0.030259
1777235675.931524,197604.500,31776,2,EA,1,100,0.030258
1777235675.998025,197671.000,31776,2,EA,1,100,0.030259
1777235676.065027,197738.000,31794,1,EA,1,100,0.030257
1777235681.064133,202737.000,32656,1,EA,1,100,0.030258
1777235681.131134,202804.000,32671,2,EA,1,100,0.030257
1777235681.198135,202871.000,32671,2,EA,1,100,0.030259
1777235681.264137,202937.000,32689,1,EA,1,100,0.030257
1777235681.331138,203004.000,32707,2,EA,1,100,0.030259
1777235681.398140,203071.000,32707,2,EA,1,100,0.030257
1777235681.464141,203137.000,32725,1,EA,1,100,0.030258
1777235681.531142,203204.000,32740,2,EA,1,100,0.030257
1777235681.598144,203271.000,32740,2,EA,1,100,0.030259
1777235681.664145,203337.000,32758,1,EA,1,100,0.030258
1777235681.731147,203404.000,32778,2,EA,1,100,0.030259
1777235681.798148,203471.000,32778,2,EA,1,100,0.030256
1777235681.864150,203537.000,32796,1,EA,1,100,0.030259
1777235681.931151,203604.000,32811,2,EA,1,100,0.030257
1777235681.998152,203671.000,32811,2,EA,1,100,0.030258
1777235682.064154,203737.000,32830,1,EA,1,100,0.030257
1777235682.131155,203804.000,32847,2,EA,1,100,0.030258
1777235682.198157,203871.000,32847,2,EA,1,100,0.030257
1777235682.264158,203937.000,32865,1,EA,1,100,0.030259
1777235682.331159,204004.000,32882,2,EA,1,100,0.030257
1777235682.398161,204071.000,32882,2,EA,1,100,0.030258
1777235682.464162,204137.000,32899,1,EA,1,100,0.030257
1777235682.530664,204203.500,32916,2,EA,1,100,0.030259
1777235682.597165,204270.000,32916,2,EA,1,100,0.030257
1777235682.664166,204337.000,32935,2,EA,1,100,0.030258
1777235682.731168,204404.000,32935,2,EA,1,100,0.030257
1777235682.797169,204470.000,32952,1,EA,1,100,0.030258
1777235682.864171,204537.000,32968,2,EA,1,100,0.030257
1777235682.931172,204604.000,32968,2,EA,1,100,0.030258
1777235682.997174,204670.000,32985,1,EA,1,100,0.030256
1777235683.064175,204737.000,33004,2,EA,1,100,0.030257
1777235683.131176,204804.000,33004,2,EA,1,100,0.030256
1777235683.197178,204870.000,33021,1,EA,1,100,0.030259
1777235683.264179,204937.000,33037,2,EA,1,100,0.030257
1777235683.331181,205004.000,33037,2,EA,1,100,0.030258
1777235683.397182,205070.000,33055,1,EA,1,100,0.030256
1777235683.464183,205137.000,33073,2,EA,1,100,0.030257
1777235683.531185,205204.000,33073,2,EA,1,100,0.030256
1777235683.597186,205270.000,33090,1,EA,1,100,0.030258
1777235683.664188,205337.000,33107,2,EA,1,100,0.030257
1777235683.731189,205404.000,33107,2,EA,1,100,0.030258
1777235683.797190,205470.000,33124,1,EA,1,100,0.030256
1777235683.864192,205537.000,33142,2,EA,1,100,0.030258
1777235683.931193,205604.000,33142,2,EA,1,100,0.030257
1777235683.997195,205670.000,33159,1,EA,1,100,0.030258
1777235684.064196,205737.000,33176,2,EA,1,100,0.030256
1777235684.131197,205804.000,33176,2,EA,1,100,0.030258
1777235684.197866,205870.667,33199,3,EA,1,100,0.030256
1777235684.264534,205937.333,33199,3,EA,1,100,0.030258
1777235684.331202,206004.000,33199,3,EA,1,100,0.030256
1777235684.397203,206070.000,33217,1,EA,1,100,0.030257
1777235684.464205,206137.000,33233,2,EA,1,100,0.030256
1777235684.531206,206204.000,33233,2,EA,1,100,0.030257
1777235684.597207,206270.000,33250,1,EA,1,100,0.030256
1777235684.664209,206337.000,33269,2,EA,1,100,0.030259
1777235684.731210,206404.000,33269,2,EA,1,100,0.030257
1777235684.797212,206470.000,33286,1,EA,1,100,0.030258
1777235684.864213,206537.000,33303,2,EA,1,100,0.030255
1777235684.931215,206604.000,33303,2,EA,1,100,0.030257
1777235684.997216,206670.000,33319,1,EA,1,100,0.030256
1777235685.064217,206737.000,33340,2,EA,1,100,0.030257
1777235685.131219,206804.000,33340,2,EA,1,100,0.030255
1777235685.197720,206870.500,33357,2,EA,1,100,0.030256
1777235685.264221,206937.000,33357,2,EA,1,100,0.030255
1777235685.331223,207004.000,33375,1,EA,1,100,0.030256
1777235685.397724,207070.500,33391,2,EA,1,100,0.030256
1777235685.464226,207137.000,33391,2,EA,1,100,0.030257
1777235685.531227,207204.000,33409,1,EA,1,100,0.030255
1777235685.597728,207270.500,33426,2,EA,1,100,0.030256
1777235685.664230,207337.000,33426,2,EA,1,100,0.030255
1777235685.730232,207403.000,33445,1,EA,1,100,0.030256
1777235685.797233,207470.000,33460,2,EA,1,100,0.030254
1777235685.864234,207537.000,33460,2,EA,1,100,0.030256
1777235685.930236,207603.000,33478,1,EA,1,100,0.030254
1777235685.997237,207670.000,33496,2,EA,1,100,0.030256
1777235686.064239,207737.000,33496,2,EA,1,100,0.030255
1777235686.131240,207804.000,33514,1,EA,1,100,0.030257
1777235686.197741,207870.500,33529,2,EA,1,100,0.030256
1777235686.264243,207937.000,33529,2,EA,1,100,0.030258
1777235686.330244,208003.000,33547,1,EA,1,100,0.030256
1777235686.397246,208070.000,33565,2,EA,1,100,0.030257
1777235686.464247,208137.000,33565,2,EA,1,100,0.030256
1777235686.530248,208203.000,33583,1,EA,1,100,0.030258
1777235686.597250,208270.000,33600,2,EA,1,100,0.030256
1777235686.664251,208337.000,33600,2,EA,1,100,0.030257
1777235686.730253,208403.000,33619,1,EA,1,100,0.030255
1777235686.797254,208470.000,33636,2,EA,1,100,0.030255
1777235686.864255,208537.000,33636,2,EA,1,100,0.030254
1777235686.930257,208603.000,33654,1,EA,1,100,0.030254
1777235686.997258,208670.000,33671,2,EA,1,100,0.030254
1777235687.064260,208737.000,33671,2,EA,1,100,0.030254
1777235687.130261,208803.000,33688,1,EA,1,100,0.030256
1777235687.197263,208870.000,33705,2,EA,1,100,0.030255
1777235687.264264,208937.000,33705,2,EA,1,100,0.030253
1777235687.330265,209003.000,33723,1,EA,1,100,0.030253
1777235687.397267,209070.000,33740,2,EA,1,100,0.030254
1777235687.464268,209137.000,33740,2,EA,1,100,0.030257
1777235687.530770,209203.500,33757,2,EA,1,100,0.030256
1777235687.597271,209270.000,33757,2,EA,1,100,0.030256
1777235687.664272,209337.000,33774,1,EA,1,100,0.030254
1777235687.730774,209403.500,33793,2,EA,1,100,0.030256
1777235687.797275,209470.000,33793,2,EA,1,100,0.030255
1777235687.864277,209537.000,33810,1,EA,1,100,0.030256
1777235687.930778,209603.500,33826,2,EA,1,100,0.030256
1777235687.997279,209670.000,33826,2,EA,1,100,0.030256
1777235688.064281,209737.000,33844,1,EA,1,100,0.030255
1777235688.130782,209803.500,33862,2,EA,1,100,0.030258
1777235688.197284,209870.000,33862,2,EA,1,100,0.030255
1777235688.264285,209937.000,33879,1,EA,1,100,0.030256
1777235688.330786,210003.500,33896,2,EA,1,100,0.030254
1777235688.397288,210070.000,33896,2,EA,1,100,0.030257
1777235688.464289,210137.000,33913,1,EA,1,100,0.030255
1777235688.530791,210203.500,33931,2,EA,1,100,0.030256
1777235688.597292,210270.000,33931,2,EA,1,100,0.030256
1777235688.664294,210337.000,33948,1,EA,1,100,0.030256
1777235688.730795,210403.500,33967,2,EA,1,100,0.030256
1777235688.797296,210470.000,33967,2,EA,1,100,0.030257
1777235688.864298,210537.000,33984,1,EA,1,100,0.030255
1777235688.930799,210603.500,34002,2,EA,1,100,0.030256
1777235688.997301,210670.000,34002,2,EA,1,100,0.030256
1777235689.064302,210737.000,34020,1,EA,1,100,0.030258
1777235689.130803,210803.500,34037,2,EA,1,100,0.030257
1777235689.197305,210870.000,34037,2,EA,1,100,0.030260
1777235689.263306,210936.000,34053,1,EA,1,100,0.030258
1777235689.330308,211003.000,34077,3,EA,1,100,0.030259
1777235689.397309,211070.000,34077,3,EA,1,100,0.030256
1777235689.464310,211137.000,34077,3,EA,1,100,0.030256
1777235689.530312,211203.000,34094,1,EA,1,100,0.030256
1777235689.596813,211269.500,34114,2,EA,1,100,0.030257
1777235689.663315,211336.000,34114,2,EA,1,100,0.030257
1777235689.730316,211403.000,34132,1,EA,1,100,0.030258
1777235689.796818,211469.500,34148,2,EA,1,100,0.030256
1777235689.863319,211536.000,34148,2,EA,1,100,0.030258
1777235689.930320,211603.000,34165,1,EA,1,100,0.030256
1777235689.996822,211669.500,34186,2,EA,1,100,0.030258
1777235690.063323,211736.000,34186,2,EA,1,100,0.030258
1777235690.130325,211803.000,34205,1,EA,1,100,0.030261
1777235690.196826,211869.500,34221,2,EA,1,100,0.030258
1777235690.263327,211936.000,34221,2,EA,1,100,0.030259
1777235690.330329,212003.000,34238,1,EA,1,100,0.030256
1777235690.396830,212069.500,34257,2,EA,1,100,0.030257
1777235690.463332,212136.000,34257,2,EA,1,100,0.030257
1777235690.530333,212203.000,34276,1,EA,1,100,0.030258
1777235690.596834,212269.500,34292,2,EA,1,100,0.030255
1777235690.663336,212336.000,34292,2,EA,1,100,0.030259
1777235690.730337,212403.000,34310,1,EA,1,100,0.030257
1777235690.796839,212469.500,34328,2,EA,1,100,0.030257
1777235690.863340,212536.000,34328,2,EA,1,100,0.030256
1777235690.930341,212603.000,34347,1,EA,1,100,0.030259
1777235690.996843,212669.500,34364,2,EA,1,100,0.030255
1777235691.063344,212736.000,34364,2,EA,1,100,0.030258
1777235691.130346,212803.000,34381,2,EA,1,100,0.030257
1777235691.197347,212870.000,34381,2,EA,1,100,0.030259
1777235691.263349,212936.000,34399,1,EA,1,100,0.030256
1777235691.330350,213003.000,34417,2,EA,1,100,0.030257
1777235691.397352,213070.000,34417,2,EA,1,100,0.030256
1777235691.463353,213136.000,34437,1,EA,1,100,0.030256
1777235691.530354,213203.000,34452,2,EA,1,100,0.030255
1777235691.597356,213270.000,34452,2,EA,1,100,0.030258
1777235691.663357,213336.000,34470,1,EA,1,100,0.030257
1777235691.730358,213403.000,34488,2,EA,1,100,0.030257
1777235691.797360,213470.000,34488,2,EA,1,100,0.030256
1777235691.863361,213536.000,34506,1,EA,1,100,0.030256
1777235691.930363,213603.000,34523,2,EA,1,100,0.030255
1777235691.997364,213670.000,34523,2,EA,1,100,0.030257
1777235692.063365,213736.000,34542,1,EA,1,100,0.030255
1777235692.130367,213803.000,34559,2,EA,1,100,0.030257
1777235692.197368,213870.000,34559,2,EA,1,100,0.030256
1777235692.263370,213936.000,34577,1,EA,1,100,0.030258
1777235692.329871,214002.500,34593,2,EA,1,100,0.030257
1777235692.396373,214069.000,34593,2,EA,1,100,0.030257
1777235692.463374,214136.000,34611,1,EA,1,100,0.030256
1777235692.529875,214202.500,34630,2,EA,1,100,0.030256
1777235692.596377,214269.000,34630,2,EA,1,100,0.030254
1777235692.663378,214336.000,34648,1,EA,1,100,0.030254
1777235692.730380,214403.000,34664,2,EA,1,100,0.030254
1777235692.797381,214470.000,34664,2,EA,1,100,0.030256
1777235692.863382,214536.000,34682,1,EA,1,100,0.030254
1777235692.929884,214602.500,34701,2,EA,1,100,0.030255
1777235692.996385,214669.000,34701,2,EA,1,100,0.030254
1777235693.063387,214736.000,34720,1,EA,1,100,0.030254
1777235693.129888,214802.500,34736,2,EA,1,100,0.030257
1777235693.196389,214869.000,34736,2,EA,1,100,0.030260
1777235693.263391,214936.000,34753,1,EA,1,100,0.030258
1777235693.329892,215002.500,34771,2,EA,1,100,0.030260
1777235693.396394,215069.000,34771,2,EA,1,100,0.030257
1777235693.463395,215136.000,34789,2,EA,1,100,0.030259
1777235693.530396,215203.000,34789,2,EA,1,100,0.030256
1777235693.596398,215269.000,34808,1,EA,1,100,0.030258
1777235693.663399,215336.000,34825,2,EA,1,100,0.030258
1777235693.730401,215403.000,34825,2,EA,1,100,0.030261
1777235693.796402,215469.000,34842,1,EA,1,100,0.030258
1777235693.863404,215536.000,34860,2,EA,1,100,0.030258
1777235693.930405,215603.000,34860,2,EA,1,100,0.030256
1777235693.996406,215669.000,34877,1,EA,1,100,0.030258
1777235694.063408,215736.000,34894,2,EA,1,100,0.030256
1777235694.130409,215803.000,34894,2,EA,1,100,0.030259
1777235694.196411,215869.000,34913,1,EA,1,100,0.030257
1777235694.263412,215936.000,34931,2,EA,1,100,0.030259
1777235694.330414,216003.000,34931,2,EA,1,100,0.030257
1777235694.396415,216069.000,34949,1,EA,1,100,0.030258
1777235694.463416,216136.000,34970,2,EA,1,100,0.030255
1777235694.530418,216203.000,34970,2,EA,1,100,0.030256
1777235694.596919,216269.500,34987,2,EA,1,100,0.030256
1777235694.663420,216336.000,34987,2,EA,1,100,0.030258
1777235694.730422,216403.000,35005,1,EA,1,100,0.030256
1777235694.796923,216469.500,35022,2,EA,1,100,0.030255
1777235694.863425,216536.000,35022,2,EA,1,100,0.030254
1777235694.930426,216603.000,35042,1,EA,1,100,0.030256
1777235694.996927,216669.500,35059,2,EA,1,100,0.030255
1777235695.063429,216736.000,35059,2,EA,1,100,0.030255
1777235695.129930,216802.500,35078,2,EA,1,100,0.030254
1777235695.196432,216869.000,35078,2,EA,1,100,0.030256
1777235695.263433,216936.000,35095,1,EA,1,100,0.030254
1777235695.329935,217002.500,35114,2,EA,1,100,0.030257
1777235695.396436,217069.000,35114,2,EA,1,100,0.030256
1777235695.463438,217136.000,35131,1,EA,1,100,0.030253
1777235695.529939,217202.500,35147,2,EA,1,100,0.030254
1777235695.596440,217269.000,35147,2,EA,1,100,0.030254
1777235695.663442,217336.000,35164,1,EA,1,100,0.030253
1777235695.729943,217402.500,35183,2,EA,1,100,0.030255
1777235695.796444,217469.000,35183,2,EA,1,100,0.030254
1777235695.863446,217536.000,35202,1,EA,1,100,0.030253
1777235695.929947,217602.500,35218,2,EA,1,100,0.030254
1777235695.996449,217669.000,35218,2,EA,1,100,0.030256
1777235696.063450,217736.000,35236,1,EA,1,100,0.030255
1777235696.129951,217802.500,35254,2,EA,1,100,0.030259
1777235696.196453,217869.000,35254,2,EA,1,100,0.030257
1777235696.263454,217936.000,35271,1,EA,1,100,0.030256
1777235696.329956,218002.500,35288,2,EA,1,100,0.030254
1777235696.396457,218069.000,35288,2,EA,1,100,0.030257
1777235696.463459,218136.000,35305,1,EA,1,100,0.030255
1777235696.529960,218202.500,35323,2,EA,1,100,0.030256
1777235696.596462,218269.000,35323,2,EA,1,100,0.030254
1777235696.663463,218336.000,35340,1,EA,1,100,0.030256
1777235696.729964,218402.500,35359,2,EA,1,100,0.030255
1777235696.796466,218469.000,35359,2,EA,1,100,0.030256
1777235696.863467,218536.000,35376,1,EA,1,100,0.030255
1777235696.929969,218602.500,35394,2,EA,1,100,0.030258
1777235696.996470,218669.000,35394,2,EA,1,100,0.030256
1777235697.063471,218736.000,35412,1,EA,1,100,0.030257
1777235697.129973,218802.500,35431,2,EA,1,100,0.030255
1777235697.196474,218869.000,35431,2,EA,1,100,0.030257
1777235697.262976,218935.500,35447,2,EA,1,100,0.030255
1777235697.329477,219002.000,35447,2,EA,1,100,0.030256
1777235697.396478,219069.000,35466,1,EA,1,100,0.030255
1777235697.462980,219135.500,35483,2,EA,1,100,0.030256
1777235697.529481,219202.000,35483,2,EA,1,100,0.030255
1777235697.596483,219269.000,35501,1,EA,1,100,0.030256
1777235697.662984,219335.500,35517,2,EA,1,100,0.030255
1777235697.729486,219402.000,35517,2,EA,1,100,0.030257
1777235697.796487,219469.000,35535,1,EA,1,100,0.030255
1777235697.862988,219535.500,35552,2,EA,1,100,0.030256
1777235697.929490,219602.000,35552,2,EA,1,100,0.030254
1777235697.996491,219669.000,35570,1,EA,1,100,0.030256
1777235698.062993,219735.500,35586,2,EA,1,100,0.030255
1777235698.129494,219802.000,35586,2,EA,1,100,0.030256
1777235698.196495,219869.000,35604,1,EA,1,100,0.030254
1777235698.262997,219935.500,35621,2,EA,1,100,0.030256
1777235698.329498,220002.000,35621,2,EA,1,100,0.030254
1777235698.396500,220069.000,35640,1,EA,1,100,0.030256
1777235698.463001,220135.500,35657,2,EA,1,100,0.030254
1777235698.529502,220202.000,35657,2,EA,1,100,0.030256
1777235698.596504,220269.000,35675,1,EA,1,100,0.030255
1777235698.663005,220335.500,35693,2,EA,1,100,0.030255
1777235698.729507,220402.000,35693,2,EA,1,100,0.030255
1777235698.796508,220469.000,35711,1,EA,1,100,0.030257
1777235698.863009,220535.500,35726,2,EA,1,100,0.030256
1777235698.929511,220602.000,35726,2,EA,1,100,0.030256
1777235698.996512,220669.000,35744,1,EA,1,100,0.030254
1777235699.063014,220735.500,35762,2,EA,1,100,0.030255
1777235699.129515,220802.000,35762,2,EA,1,100,0.030254
1777235699.196517,220869.000,35780,1,EA,1,100,0.030255
1777235699.263018,220935.500,35796,2,EA,1,100,0.030254
1777235699.329519,221002.000,35796,2,EA,1,100,0.030255
1777235699.396521,221069.000,35814,1,EA,1,100,0.030254
1777235699.463022,221135.500,35833,2,EA,1,100,0.030256
1777235699.529524,221202.000,35833,2,EA,1,100,0.030254
1777235699.596025,221268.500,35854,2,EA,1,100,0.030256
1777235699.662526,221335.000,35854,2,EA,1,100,0.030255
1777235699.729528,221402.000,35872,2,EA,1,100,0.030256
1777235699.796529,221469.000,35872,2,EA,1,100,0.030255
1777235699.862531,221535.000,35890,1,EA,1,100,0.030256
1777235699.929532,221602.000,35905,2,EA,1,100,0.030255
1777235699.996533,221669.000,35905,2,EA,1,100,0.030256
1777235700.062535,221735.000,35924,1,EA,1,100,0.030255
1777235700.129536,221802.000,35943,2,EA,1,100,0.030256
1777235700.196538,221869.000,35943,2,EA,1,100,0.030255
1777235700.262539,221935.000,35961,1,EA,1,100,0.030256
1777235700.329540,222002.000,35977,2,EA,1,100,0.030255
1777235700.396542,222069.000,35977,2,EA,1,100,0.030256
1777235700.462543,222135.000,35995,1,EA,1,100,0.030254
1777235700.529545,222202.000,36014,2,EA,1,100,0.030256
1777235700.596546,222269.000,36014,2,EA,1,100,0.030255
1777235700.662548,222335.000,36032,1,EA,1,100,0.030256
1777235700.729549,222402.000,36048,2,EA,1,100,0.030254
1777235700.796551,222469.000,36048,2,EA,1,100,0.030255
1777235700.862552,222535.000,36066,1,EA,1,100,0.030255
1777235700.929553,222602.000,36083,2,EA,1,100,0.030257
1777235700.996555,222669.000,36083,2,EA,1,100,0.030256
1777235701.062556,222735.000,36102,1,EA,1,100,0.030256
1777235701.129557,222802.000,36118,2,EA,1,100,0.030256
1777235701.196559,222869.000,36118,2,EA,1,100,0.030259
1777235701.262560,222935.000,36135,1,EA,1,100,0.030257
1777235701.329562,223002.000,36153,2,EA,1,100,0.030259
1777235701.396563,223069.000,36153,2,EA,1,100,0.030257
1777235701.463064,223135.500,36171,2,EA,1,100,0.030258
1777235701.529566,223202.000,36171,2,EA,1,100,0.030256
1777235701.596567,223269.000,36190,1,EA,1,100,0.030257
1777235701.663069,223335.500,36207,2,EA,1,100,0.030256
1777235701.729570,223402.000,36207,2,EA,1,100,0.030257
1777235701.796571,223469.000,36224,1,EA,1,100,0.030257
1777235701.863073,223535.500,36242,2,EA,1,100,0.030256
1777235701.929574,223602.000,36242,2,EA,1,100,0.030256
1777235701.996576,223669.000,36259,1,EA,1,100,0.030256
1777235702.063077,223735.500,36276,2,EA,1,100,0.030255
1777235702.129579,223802.000,36276,2,EA,1,100,0.030256
1777235702.196580,223869.000,36293,1,EA,1,100,0.030255
1777235702.263082,223935.500,36311,2,EA,1,100,0.030256
1777235702.329583,224002.000,36311,2,EA,1,100,0.030257
1777235702.396584,224069.000,36329,1,EA,1,100,0.030259
1777235702.463086,224135.500,36345,2,EA,1,100,0.030256
1777235702.529587,224202.000,36345,2,EA,1,100,0.030256
1777235702.595588,224268.000,36362,1,EA,1,100,0.030256
1777235702.662590,224335.000,36381,2,EA,1,100,0.030255
1777235702.729591,224402.000,36381,2,EA,1,100,0.030254
1777235702.795593,224468.000,36398,1,EA,1,100,0.030255
1777235702.862594,224535.000,36416,2,EA,1,100,0.030255
1777235702.929595,224602.000,36416,2,EA,1,100,0.030258
1777235702.995597,224668.000,36433,1,EA,1,100,0.030256
1777235703.062598,224735.000,36452,2,EA,1,100,0.030257
1777235703.129600,224802.000,36452,2,EA,1,100,0.030256
1777235703.195601,224868.000,36469,1,EA,1,100,0.030256
1777235703.262603,224935.000,36485,2,EA,1,100,0.030256
1777235703.329604,225002.000,36485,2,EA,1,100,0.030256
1777235703.395605,225068.000,36503,1,EA,1,100,0.030254
1777235703.462607,225135.000,36521,2,EA,1,100,0.030258
1777235703.529608,225202.000,36521,2,EA,1,100,0.030255
1777235703.595610,225268.000,36538,1,EA,1,100,0.030255
1777235703.662611,225335.000,36556,2,EA,1,100,0.030258
1777235703.729613,225402.000,36556,2,EA,1,100,0.030262
1777235703.796114,225468.500,36572,2,EA,1,100,0.030257
1777235703.862615,225535.000,36572,2,EA,1,100,0.030257
1777235703.929617,225602.000,36590,1,EA,1,100,0.030256
1777235703.996118,225668.500,36608,2,EA,1,100,0.030257
1777235704.062619,225735.000,36608,2,EA,1,100,0.030255
1777235704.129621,225802.000,36628,1,EA,1,100,0.030256
1777235704.196122,225868.500,36643,2,EA,1,100,0.030254
1777235704.262624,225935.000,36643,2,EA,1,100,0.030255
1777235704.329625,226002.000,36661,1,EA,1,100,0.030254
1777235704.396127,226068.500,36679,2,EA,1,100,0.030256
1777235704.462628,226135.000,36679,2,EA,1,100,0.030254
1777235704.529629,226202.000,36697,1,EA,1,100,0.030255
1777235704.596131,226268.500,36712,2,EA,1,100,0.030254
1777235704.662632,226335.000,36712,2,EA,1,100,0.030255
1777235704.729134,226401.500,36737,2,EA,1,100,0.030259
1777235704.795635,226468.000,36737,2,EA,1,100,0.030261
1777235704.862637,226535.000,36754,2,EA,1,100,0.030258
1777235704.929638,226602.000,36754,2,EA,1,100,0.030259
1777235704.995639,226668.000,36772,1,EA,1,100,0.030256
1777235705.062641,226735.000,36792,2,EA,1,100,0.030257
1777235705.129642,226802.000,36792,2,EA,1,100,0.030256
1777235705.195643,226868.000,36812,1,EA,1,100,0.030258
1777235705.262645,226935.000,36827,2,EA,1,100,0.030254
1777235705.329646,227002.000,36827,2,EA,1,100,0.030254
1777235705.395648,227068.000,36846,1,EA,1,100,0.030256
1777235705.462649,227135.000,36863,2,EA,1,100,0.030258
1777235705.529651,227202.000,36863,2,EA,1,100,0.030256
1777235705.595652,227268.000,36881,1,EA,1,100,0.030257
1777235705.662653,227335.000,36897,2,EA,1,100,0.030254
1777235705.729655,227402.000,36897,2,EA,1,100,0.030256
1777235705.795656,227468.000,36915,1,EA,1,100,0.030256
1777235705.862158,227534.500,36932,2,EA,1,100,0.030256
1777235705.928659,227601.000,36932,2,EA,1,100,0.030255
1777235705.995661,227668.000,36950,1,EA,1,100,0.030256
1777235706.062162,227734.500,36966,2,EA,1,100,0.030256
1777235706.128663,227801.000,36966,2,EA,1,100,0.030257
1777235706.195665,227868.000,36986,1,EA,1,100,0.030256
1777235706.262166,227934.500,37003,2,EA,1,100,0.030257
1777235706.328668,228001.000,37003,2,EA,1,100,0.030254
1777235706.395669,228068.000,37022,1,EA,1,100,0.030253
1777235706.462170,228134.500,37038,2,EA,1,100,0.030253
1777235706.528672,228201.000,37038,2,EA,1,100,0.030256
1777235706.595673,228268.000,37055,1,EA,1,100,0.030256
1777235706.662175,228334.500,37073,2,EA,1,100,0.030258
1777235706.728676,228401.000,37073,2,EA,1,100,0.030256
1777235706.795677,228468.000,37091,2,EA,1,100,0.030257
1777235706.862679,228535.000,37091,2,EA,1,100,0.030255
1777235706.928680,228601.000,37108,1,EA,1,100,0.030256
1777235706.995682,228668.000,37125,2,EA,1,100,0.030254
1777235707.062683,228735.000,37125,2,EA,1,100,0.030255
1777235707.128685,228801.000,37142,1,EA,1,100,0.030255
1777235707.195686,228868.000,37160,2,EA,1,100,0.030257
1777235707.262687,228935.000,37160,2,EA,1,100,0.030255
1777235707.328689,229001.000,37179,1,EA,1,100,0.030257
1777235707.395690,229068.000,37196,2,EA,1,100,0.030254
1777235707.462692,229135.000,37196,2,EA,1,100,0.030255
1777235707.528693,229201.000,37213,1,EA,1,100,0.030254
1777235707.595694,229268.000,37231,2,EA,1,100,0.030254
1777235707.662696,229335.000,37231,2,EA,1,100,0.030255
1777235707.728697,229401.000,37249,1,EA,1,100,0.030256
1777235707.795699,229468.000,37265,2,EA,1,100,0.030256
1777235707.862700,229535.000,37265,2,EA,1,100,0.030257
1777235707.928701,229601.000,37282,1,EA,1,100,0.030255
1777235707.995703,229668.000,37301,2,EA,1,100,0.030258
1777235708.062704,229735.000,37301,2,EA,1,100,0.030256
1777235708.128706,229801.000,37318,1,EA,1,100,0.030255
1777235708.195707,229868.000,37334,2,EA,1,100,0.030253
1777235708.262708,229935.000,37334,2,EA,1,100,0.030257
1777235708.328710,230001.000,37351,1,EA,1,100,0.030255
1777235708.395711,230068.000,37372,2,EA,1,100,0.030256
1777235708.462713,230135.000,37372,2,EA,1,100,0.030256
1777235708.528714,230201.000,37389,1,EA,1,100,0.030255
1777235708.595716,230268.000,37406,2,EA,1,100,0.030254
1777235708.662717,230335.000,37406,2,EA,1,100,0.030253
1777235708.728718,230401.000,37423,1,EA,1,100,0.030253
1777235708.795720,230468.000,37441,2,EA,1,100,0.030255
1777235708.862721,230535.000,37441,2,EA,1,100,0.030254
1777235708.928723,230601.000,37458,1,EA,1,100,0.030256
1777235708.995724,230668.000,37476,2,EA,1,100,0.030255
1777235709.062725,230735.000,37476,2,EA,1,100,0.030255
1777235709.129227,230801.500,37492,2,EA,1,100,0.030255
1777235709.195728,230868.000,37492,2,EA,1,100,0.030258
1777235709.261730,230934.000,37510,1,EA,1,100,0.030255
1777235709.328731,231001.000,37528,2,EA,1,100,0.030257
1777235709.395732,231068.000,37528,2,EA,1,100,0.030255
1777235709.461734,231134.000,37546,1,EA,1,100,0.030255
1777235709.528735,231201.000,37561,2,EA,1,100,0.030254
1777235709.595737,231268.000,37561,2,EA,1,100,0.030256
1777235709.661738,231334.000,37581,1,EA,1,100,0.030255
1777235709.728740,231401.000,37599,2,EA,1,100,0.030254
1777235709.795741,231468.000,37599,2,EA,1,100,0.030254
1777235709.862242,231534.500,37623,2,EA,1,100,0.030256
1777235709.928744,231601.000,37623,2,EA,1,100,0.030254
1777235709.995745,231668.000,37640,1,EA,1,100,0.030255
1777235710.062247,231734.500,37659,2,EA,1,100,0.030254
1777235710.128748,231801.000,37659,2,EA,1,100,0.030255
1777235710.195750,231868.000,37676,1,EA,1,100,0.030255
1777235710.262251,231934.500,37694,2,EA,1,100,0.030258
1777235710.328752,232001.000,37694,2,EA,1,100,0.030255
1777235710.395754,232068.000,37712,1,EA,1,100,0.030257
1777235710.462255,232134.500,37729,2,EA,1,100,0.030256
1777235710.528756,232201.000,37729,2,EA,1,100,0.030257
1777235710.595758,232268.000,37745,1,EA,1,100,0.030254
1777235710.662259,232334.500,37764,2,EA,1,100,0.030256
1777235710.728761,232401.000,37764,2,EA,1,100,0.030255
1777235710.795762,232468.000,37781,1,EA,1,100,0.030257
1777235710.862263,232534.500,37800,2,EA,1,100,0.030258
1777235710.928765,232601.000,37800,2,EA,1,100,0.030258
1777235710.995266,232667.500,37817,2,EA,1,100,0.030256
1777235711.061768,232734.000,37817,2,EA,1,100,0.030254
1777235711.128769,232801.000,37835,1,EA,1,100,0.030257
1777235711.195271,232867.500,37852,2,EA,1,100,0.030256
1777235711.261772,232934.000,37852,2,EA,1,100,0.030255
1777235711.328773,233001.000,37870,1,EA,1,100,0.030255
1777235711.395275,233067.500,37886,2,EA,1,100,0.030254
1777235711.461776,233134.000,37886,2,EA,1,100,0.030256
1777235711.528778,233201.000,37904,1,EA,1,100,0.030254
1777235711.595279,233267.500,37921,2,EA,1,100,0.030256
1777235711.661780,233334.000,37921,2,EA,1,100,0.030257
1777235711.728782,233401.000,37942,1,EA,1,100,0.030260
1777235711.795283,233467.500,37957,2,EA,1,100,0.030255
1777235711.861785,233534.000,37957,2,EA,1,100,0.030255
1777235711.928786,233601.000,37975,1,EA,1,100,0.030253
1777235711.995287,233667.500,37993,2,EA,1,100,0.030256
1777235712.061789,233734.000,37993,2,EA,1,100,0.030254
1777235712.128790,233801.000,38011,1,EA,1,100,0.030255
1777235712.195292,233867.500,38026,2,EA,1,100,0.030254
1777235712.261793,233934.000,38026,2,EA,1,100,0.030257
1777235712.328794,234001.000,38044,1,EA,1,100,0.030254
1777235712.395296,234067.500,38062,2,EA,1,100,0.030257
1777235712.461797,234134.000,38062,2,EA,1,100,0.030257
1777235712.528799,234201.000,38082,1,EA,1,100,0.030257
1777235712.595300,234267.500,38097,2,EA,1,100,0.030256
1777235712.661802,234334.000,38097,2,EA,1,100,0.030257
1777235712.728803,234401.000,38116,1,EA,1,100,0.030253
1777235712.795305,234467.500,38133,2,EA,1,100,0.030256
1777235712.861806,234534.000,38133,2,EA,1,100,0.030254
1777235712.928807,234601.000,38151,1,EA,1,100,0.030255
1777235712.995309,234667.500,38167,2,EA,1,100,0.030255
1777235713.061810,234734.000,38167,2,EA,1,100,0.030256
1777235713.128311,234800.500,38185,2,EA,1,100,0.030254
1777235713.194813,234867.000,38185,2,EA,1,100,0.030256
1777235713.261814,234934.000,38202,1,EA,1,100,0.030257
1777235713.328316,235000.500,38223,2,EA,1,100,0.030256
1777235713.394817,235067.000,38223,2,EA,1,100,0.030254
1777235713.461818,235134.000,38240,1,EA,1,100,0.030256
1777235713.528320,235200.500,38256,2,EA,1,100,0.030254
1777235713.594821,235267.000,38256,2,EA,1,100,0.030257
1777235713.661823,235334.000,38273,1,EA,1,100,0.030257
1777235713.728324,235400.500,38292,2,EA,1,100,0.030256
1777235713.794826,235467.000,38292,2,EA,1,100,0.030253
1777235713.861827,235534.000,38309,1,EA,1,100,0.030256
1777235713.928329,235600.500,38325,2,EA,1,100,0.030254
1777235713.994830,235667.000,38325,2,EA,1,100,0.030257
1777235714.061831,235734.000,38343,1,EA,1,100,0.030256
1777235714.128333,235800.500,38363,2,EA,1,100,0.030257
1777235714.194834,235867.000,38363,2,EA,1,100,0.030255
1777235714.261836,235934.000,38380,1,EA,1,100,0.030258
1777235714.328337,236000.500,38397,2,EA,1,100,0.030255
1777235714.394838,236067.000,38397,2,EA,1,100,0.030256
1777235714.461840,236134.000,38414,1,EA,1,100,0.030254
1777235714.528341,236200.500,38432,2,EA,1,100,0.030255
1777235714.594842,236267.000,38432,2,EA,1,100,0.030254
1777235714.661844,236334.000,38451,1,EA,1,100,0.030255
1777235714.728345,236400.500,38468,2,EA,1,100,0.030254
1777235714.794847,236467.000,38468,2,EA,1,100,0.030256
1777235714.861848,236534.000,38485,1,EA,1,100,0.030256
1777235714.928349,236600.500,38508,2,EA,1,100,0.030258
1777235714.994851,236667.000,38508,2,EA,1,100,0.030257
1777235715.061852,236734.000,38528,2,EA,1,100,0.030258
1777235715.128854,236801.000,38528,2,EA,1,100,0.030254
1777235715.194855,236867.000,38546,1,EA,1,100,0.030255
1777235715.261857,236934.000,38562,2,EA,1,100,0.030254
1777235715.328858,237001.000,38562,2,EA,1,100,0.030257
1777235715.395360,237067.500,38580,2,EA,1,100,0.030255
1777235715.461861,237134.000,38580,2,EA,1,100,0.030256
1777235715.528862,237201.000,38597,1,EA,1,100,0.030256
1777235715.595364,237267.500,38617,2,EA,1,100,0.030257
1777235715.661865,237334.000,38617,2,EA,1,100,0.030257
1777235715.728867,237401.000,38635,1,EA,1,100,0.030259
1777235715.795368,237467.500,38651,2,EA,1,100,0.030255
1777235715.861869,237534.000,38651,2,EA,1,100,0.030256
1777235715.927871,237600.000,38668,1,EA,1,100,0.030254
1777235715.994872,237667.000,38687,2,EA,1,100,0.030257
1777235716.061874,237734.000,38687,2,EA,1,100,0.030255
1777235716.127875,237800.000,38704,1,EA,1,100,0.030256
1777235716.194876,237867.000,38720,2,EA,1,100,0.030254
1777235716.261878,237934.000,38720,2,EA,1,100,0.030257
1777235716.327879,238000.000,38739,1,EA,1,100,0.030256
1777235716.394881,238067.000,38758,2,EA,1,100,0.030259
1777235716.461882,238134.000,38758,2,EA,1,100,0.030256
1777235716.527884,238200.000,38775,1,EA,1,100,0.030257
1777235716.594885,238267.000,38791,2,EA,1,100,0.030256
1777235716.661886,238334.000,38791,2,EA,1,100,0.030255
1777235716.727888,238400.000,38809,1,EA,1,100,0.030253
1777235716.794889,238467.000,38827,2,EA,1,100,0.030255
1777235716.861891,238534.000,38827,2,EA,1,100,0.030255
1777235716.927892,238600.000,38844,1,EA,1,100,0.030256
1777235716.994893,238667.000,38861,2,EA,1,100,0.030254
1777235717.061895,238734.000,38861,2,EA,1,100,0.030256
1777235717.127896,238800.000,38880,1,EA,1,100,0.030257
1777235717.194898,238867.000,38898,2,EA,1,100,0.030259
1777235717.261899,238934.000,38898,2,EA,1,100,0.030255
1777235717.327900,239000.000,38915,1,EA,1,100,0.030254
1777235717.394902,239067.000,38933,2,EA,1,100,0.030253
1777235717.461903,239134.000,38933,2,EA,1,100,0.030255
1777235717.527905,239200.000,38949,1,EA,1,100,0.030254
1777235717.594906,239267.000,38967,2,EA,1,100,0.030256
1777235717.661907,239334.000,38967,2,EA,1,100,0.030255
1777235717.728409,239400.500,38985,2,EA,1,100,0.030257
1777235717.794910,239467.000,38985,2,EA,1,100,0.030254
1777235717.861912,239534.000,39005,1,EA,1,100,0.030257
1777235717.928413,239600.500,39020,2,EA,1,100,0.030257
1777235717.994915,239667.000,39020,2,EA,1,100,0.030258
1777235718.061916,239734.000,39039,1,EA,1,100,0.030255
1777235718.128417,239800.500,39056,2,EA,1,100,0.030257
1777235718.194919,239867.000,39056,2,EA,1,100,0.030254
1777235718.261920,239934.000,39074,1,EA,1,100,0.030256
1777235718.328422,240000.500,39090,2,EA,1,100,0.030255
1777235718.394923,240067.000,39090,2,EA,1,100,0.030257
1777235718.461924,240134.000,39108,1,EA,1,100,0.030255
1777235718.528426,240200.500,39127,2,EA,1,100,0.030256
1777235718.594927,240267.000,39127,2,EA,1,100,0.030257
1777235718.661929,240334.000,39145,1,EA,1,100,0.030258
1777235718.728430,240400.500,39161,2,EA,1,100,0.030255
1777235718.794931,240467.000,39161,2,EA,1,100,0.030257
1777235718.861933,240534.000,39179,1,EA,1,100,0.030254
1777235718.928434,240600.500,39196,2,EA,1,100,0.030256
1777235718.994936,240667.000,39196,2,EA,1,100,0.030255
1777235719.060937,240733.000,39215,1,EA,1,100,0.030256
1777235719.127939,240800.000,39230,2,EA,1,100,0.030254
1777235719.194940,240867.000,39230,2,EA,1,100,0.030258
1777235719.260941,240933.000,39250,1,EA,1,100,0.030256
1777235719.327943,241000.000,39268,2,EA,1,100,0.030258
1777235719.394944,241067.000,39268,2,EA,1,100,0.030257
1777235719.461946,241134.000,39286,1,EA,1,100,0.030255
1777235719.528447,241200.500,39302,2,EA,1,100,0.030254
1777235719.594948,241267.000,39302,2,EA,1,100,0.030256
1777235719.660950,241333.000,39319,1,EA,1,100,0.030254
1777235719.727951,241400.000,39337,2,EA,1,100,0.030257
1777235719.794953,241467.000,39337,2,EA,1,100,0.030255
1777235719.860954,241533.000,39357,1,EA,1,100,0.030256
1777235719.927955,241600.000,39373,2,EA,1,100,0.030256
1777235719.994957,241667.000,39373,2,EA,1,100,0.030259
1777235720.061458,241733.500,39398,2,EA,1,100,0.030256
1777235720.127960,241800.000,39398,2,EA,1,100,0.030257
1777235720.194461,241866.500,39415,2,EA,1,100,0.030255
1777235720.260962,241933.000,39415,2,EA,1,100,0.030255
1777235720.327964,242000.000,39433,1,EA,1,100,0.030254
1777235720.394465,242066.500,39451,2,EA,1,100,0.030255
1777235720.460967,242133.000,39451,2,EA,1,100,0.030253
1777235720.527968,242200.000,39471,1,EA,1,100,0.030254
1777235720.594470,242266.500,39486,2,EA,1,100,0.030255
1777235720.660971,242333.000,39486,2,EA,1,100,0.030255
1777235720.727973,242400.000,39505,1,EA,1,100,0.030255
1777235720.794474,242466.500,39522,2,EA,1,100,0.030259
1777235720.860975,242533.000,39522,2,EA,1,100,0.030258
1777235720.927977,242600.000,39540,1,EA,1,100,0.030260
1777235720.994478,242666.500,39556,2,EA,1,100,0.030257
1777235721.060979,242733.000,39556,2,EA,1,100,0.030260
1777235721.127981,242800.000,39574,1,EA,1,100,0.030258
1777235721.194482,242866.500,39591,2,EA,1,100,0.030255
1777235721.260984,242933.000,39591,2,EA,1,100,0.030253
1777235721.327985,243000.000,39609,1,EA,1,100,0.030256
1777235721.394486,243066.500,39626,2,EA,1,100,0.030257
1777235721.460988,243133.000,39626,2,EA,1,100,0.030258
1777235721.527989,243200.000,39645,1,EA,1,100,0.030254
1777235721.594491,243266.500,39662,2,EA,1,100,0.030257
1777235721.660992,243333.000,39662,2,EA,1,100,0.030256
1777235721.727993,243400.000,39681,1,EA,1,100,0.030259
1777235721.794495,243466.500,39697,2,EA,1,100,0.030256
1777235721.860996,243533.000,39697,2,EA,1,100,0.030256
1777235721.927998,243600.000,39714,2,EA,1,100,0.030254
1777235721.994999,243667.000,39714,2,EA,1,100,0.030256
1777235722.061001,243733.000,39732,1,EA,1,100,0.030255
1777235722.128002,243800.000,39752,2,EA,1,100,0.030257
1777235722.195004,243867.000,39752,2,EA,1,100,0.030255
1777235722.261005,243933.000,39769,1,EA,1,100,0.030257
1777235722.327506,243999.500,39786,2,EA,1,100,0.030256
1777235722.394008,244066.000,39786,2,EA,1,100,0.030256
1777235722.461009,244133.000,39803,1,EA,1,100,0.030255
1777235722.527510,244199.500,39821,2,EA,1,100,0.030259
1777235722.594012,244266.000,39821,2,EA,1,100,0.030258
1777235722.661013,244333.000,39838,1,EA,1,100,0.030255
1777235722.727515,244399.500,39855,2,EA,1,100,0.030255
1777235722.794016,244466.000,39855,2,EA,1,100,0.030257
1777235722.861017,244533.000,39872,1,EA,1,100,0.030254
1777235722.927519,244599.500,39890,2,EA,1,100,0.030254
1777235722.994020,244666.000,39890,2,EA,1,100,0.030254
1777235723.061022,244733.000,39908,1,EA,1,100,0.030258
1777235723.127523,244799.500,39926,2,EA,1,100,0.030256
1777235723.194025,244866.000,39926,2,EA,1,100,0.030254
1777235723.261026,244933.000,39943,1,EA,1,100,0.030254
1777235723.327528,244999.500,39962,2,EA,1,100,0.030259
1777235723.394029,245066.000,39962,2,EA,1,100,0.030255
1777235723.461030,245133.000,39979,1,EA,1,100,0.030258
1777235723.527532,245199.500,39996,2,EA,1,100,0.030256
1777235723.594033,245266.000,39996,2,EA,1,100,0.030256
1777235723.661035,245333.000,40012,1,EA,1,100,0.030255
1777235723.727536,245399.500,40031,2,EA,1,100,0.030257
1777235723.794037,245466.000,40031,2,EA,1,100,0.030257
1777235723.861039,245533.000,40048,2,EA,1,100,0.030258
1777235723.928040,245600.000,40048,2,EA,1,100,0.030258
1777235723.994041,245666.000,40066,1,EA,1,100,0.030260
1777235724.061043,245733.000,40082,2,EA,1,100,0.030258
1777235724.128044,245800.000,40082,2,EA,1,100,0.030261
1777235724.194046,245866.000,40102,1,EA,1,100,0.030258
1777235724.261047,245933.000,40119,2,EA,1,100,0.030258
1777235724.328049,246000.000,40119,2,EA,1,100,0.030256
1777235724.394050,246066.000,40138,1,EA,1,100,0.030261
1777235724.461051,246133.000,40153,2,EA,1,100,0.030258
1777235724.528053,246200.000,40153,2,EA,1,100,0.030262
1777235724.594054,246266.000,40171,1,EA,1,100,0.030259
1777235724.661056,246333.000,40189,2,EA,1,100,0.030258
1777235724.728057,246400.000,40189,2,EA,1,100,0.030257
1777235724.794059,246466.000,40207,1,EA,1,100,0.030260
1777235724.861060,246533.000,40222,2,EA,1,100,0.030256
1777235724.928061,246600.000,40222,2,EA,1,100,0.030259
1777235724.994063,246666.000,40240,1,EA,1,100,0.030257
1777235725.061064,246733.000,40260,2,EA,1,100,0.030259
1777235725.128066,246800.000,40260,2,EA,1,100,0.030258
1777235725.194567,246866.500,40283,2,EA,1,100,0.030256
1777235725.261068,246933.000,40283,2,EA,1,100,0.030255
1777235725.327570,246999.500,40301,2,EA,1,100,0.030257
1777235725.394071,247066.000,40301,2,EA,1,100,0.030255
1777235725.461073,247133.000,40319,1,EA,1,100,0.030254
1777235725.527574,247199.500,40334,2,EA,1,100,0.030253
1777235725.594075,247266.000,40334,2,EA,1,100,0.030256
1777235725.661077,247333.000,40352,1,EA,1,100,0.030256
1777235725.727578,247399.500,40370,2,EA,1,100,0.030258
1777235725.794080,247466.000,40370,2,EA,1,100,0.030256
1777235725.861081,247533.000,40388,1,EA,1,100,0.030259
1777235725.927583,247599.500,40403,2,EA,1,100,0.030258
1777235725.994084,247666.000,40403,2,EA,1,100,0.030260
1777235726.061085,247733.000,40422,1,EA,1,100,0.030257
1777235726.127587,247799.500,40441,2,EA,1,100,0.030260
1777235726.194088,247866.000,40441,2,EA,1,100,0.030255
1777235726.261090,247933.000,40459,1,EA,1,100,0.030253
1777235726.327591,247999.500,40475,2,EA,1,100,0.030253
1777235726.394092,248066.000,40475,2,EA,1,100,0.030255
1777235726.461094,248133.000,40493,1,EA,1,100,0.030254
1777235726.527595,248199.500,40510,2,EA,1,100,0.030257
1777235726.594097,248266.000,40510,2,EA,1,100,0.030255
1777235726.661098,248333.000,40528,1,EA,1,100,0.030256
1777235726.727599,248399.500,40544,2,EA,1,100,0.030256
1777235726.794101,248466.000,40544,2,EA,1,100,0.030257
1777235726.861102,248533.000,40562,1,EA,1,100,0.030257
1777235726.927604,248599.500,40579,2,EA,1,100,0.030256
1777235726.994105,248666.000,40579,2,EA,1,100,0.030254
1777235727.061106,248733.000,40598,1,EA,1,100,0.030256
1777235727.127608,248799.500,40615,2,EA,1,100,0.030254
1777235727.194109,248866.000,40615,2,EA,1,100,0.030259
1777235727.261111,248933.000,40633,1,EA,1,100,0.030256
1777235727.327612,248999.500,40651,2,EA,1,100,0.030254
1777235727.394114,249066.000,40651,2,EA,1,100,0.030254
1777235727.461115,249133.000,40669,1,EA,1,100,0.030256
1777235727.527616,249199.500,40685,2,EA,1,100,0.030253
1777235727.594118,249266.000,40685,2,EA,1,100,0.030256
1777235727.660619,249332.500,40703,2,EA,1,100,0.030255
1777235727.727121,249399.000,40703,2,EA,1,100,0.030256
1777235727.794122,249466.000,40720,1,EA,1,100,0.030254
1777235727.860623,249532.500,40738,2,EA,1,100,0.030255
1777235727.927125,249599.000,40738,2,EA,1,100,0.030254
1777235727.994126,249666.000,40755,1,EA,1,100,0.030256
1777235728.060628,249732.500,40772,2,EA,1,100,0.030254
1777235728.127129,249799.000,40772,2,EA,1,100,0.030255
1777235728.194130,249866.000,40789,1,EA,1,100,0.030254
1777235728.260632,249932.500,40807,2,EA,1,100,0.030256
1777235728.327133,249999.000,40807,2,EA,1,100,0.030257
1777235728.394135,250066.000,40827,1,EA,1,100,0.030259
1777235728.460636,250132.500,40843,2,EA,1,100,0.030255
1777235728.527138,250199.000,40843,2,EA,1,100,0.030255
1777235728.594139,250266.000,40860,1,EA,1,100,0.030253
1777235728.660640,250332.500,40879,2,EA,1,100,0.030255
1777235728.727142,250399.000,40879,2,EA,1,100,0.030255
1777235728.794143,250466.000,40896,1,EA,1,100,0.030258
1777235728.860645,250532.500,40912,2,EA,1,100,0.030255
1777235728.927146,250599.000,40912,2,EA,1,100,0.030256
1777235728.994147,250666.000,40929,1,EA,1,100,0.030254
1777235729.060649,250732.500,40948,2,EA,1,100,0.030255
1777235729.127150,250799.000,40948,2,EA,1,100,0.030255
1777235729.194152,250866.000,40965,1,EA,1,100,0.030255
1777235729.260653,250932.500,40981,2,EA,1,100,0.030254
1777235729.327154,250999.000,40981,2,EA,1,100,0.030256
1777235729.394156,251066.000,40999,1,EA,1,100,0.030255
1777235729.460657,251132.500,41019,2,EA,1,100,0.030258
1777235729.527159,251199.000,41019,2,EA,1,100,0.030257
1777235729.594160,251266.000,41036,1,EA,1,100,0.030256
1777235729.660661,251332.500,41054,2,EA,1,100,0.030253
1777235729.727163,251399.000,41054,2,EA,1,100,0.030255
1777235729.794164,251466.000,41070,1,EA,1,100,0.030254
1777235729.860666,251532.500,41088,2,EA,1,100,0.030255
1777235729.927167,251599.000,41088,2,EA,1,100,0.030254
1777235729.993669,251665.500,41106,2,EA,1,100,0.030256
1777235730.060170,251732.000,41106,2,EA,1,100,0.030254
1777235730.127172,251799.000,41126,1,EA,1,100,0.030255
1777235730.193673,251865.500,41141,2,EA,1,100,0.030254
1777235730.260174,251932.000,41141,2,EA,1,100,0.030257
1777235730.327176,251999.000,41167,2,EA,1,100,0.030255
1777235730.394177,252066.000,41167,2,EA,1,100,0.030257
1777235730.460178,252132.000,41184,1,EA,1,100,0.030256
1777235730.527180,252199.000,41202,2,EA,1,100,0.030257
1777235730.594181,252266.000,41202,2,EA,1,100,0.030255
1777235730.660183,252332.000,41221,1,EA,1,100,0.030254
1777235730.727184,252399.000,41238,2,EA,1,100,0.030253
1777235730.794186,252466.000,41238,2,EA,1,100,0.030254
1777235730.860187,252532.000,41255,1,EA,1,100,0.030255
1777235730.927188,252599.000,41273,2,EA,1,100,0.030257
1777235730.994190,252666.000,41273,2,EA,1,100,0.030258
1777235731.060191,252732.000,41291,1,EA,1,100,0.030256
1777235731.127192,252799.000,41308,2,EA,1,100,0.030253
1777235731.194194,252866.000,41308,2,EA,1,100,0.030255
1777235731.260195,252932.000,41324,1,EA,1,100,0.030255
1777235731.327197,252999.000,41343,2,EA,1,100,0.030257
1777235731.394198,253066.000,41343,2,EA,1,100,0.030255
1777235731.460200,253132.000,41360,1,EA,1,100,0.030257
1777235731.527201,253199.000,41379,2,EA,1,100,0.030256
1777235731.594203,253266.000,41379,2,EA,1,100,0.030254
1777235731.660704,253332.500,41396,2,EA,1,100,0.030253
1777235731.727205,253399.000,41396,2,EA,1,100,0.030257
1777235731.794207,253466.000,41414,1,EA,1,100,0.030255
1777235731.860708,253532.500,41431,2,EA,1,100,0.030256
1777235731.927210,253599.000,41431,2,EA,1,100,0.030254
1777235731.994211,253666.000,41449,1,EA,1,100,0.030258
1777235732.060712,253732.500,41465,2,EA,1,100,0.030256
1777235732.127214,253799.000,41465,2,EA,1,100,0.030255
1777235732.194215,253866.000,41483,1,EA,1,100,0.030254
1777235732.260717,253932.500,41500,2,EA,1,100,0.030256
1777235732.327218,253999.000,41500,2,EA,1,100,0.030254
1777235732.393219,254065.000,41519,1,EA,1,100,0.030256
1777235732.460221,254132.000,41534,2,EA,1,100,0.030254
1777235732.527222,254199.000,41534,2,EA,1,100,0.030257
1777235732.593224,254265.000,41554,1,EA,1,100,0.030254
1777235732.660225,254332.000,41572,2,EA,1,100,0.030256
1777235732.727226,254399.000,41572,2,EA,1,100,0.030254
1777235732.793228,254465.000,41590,1,EA,1,100,0.030258
1777235732.860229,254532.000,41605,2,EA,1,100,0.030256
1777235732.927231,254599.000,41605,2,EA,1,100,0.030256
1777235732.993232,254665.000,41623,1,EA,1,100,0.030256
1777235733.060234,254732.000,41641,2,EA,1,100,0.030254
1777235733.127235,254799.000,41641,2,EA,1,100,0.030253
1777235733.194236,254866.000,41659,1,EA,1,100,0.030254
1777235733.260738,254932.500,41674,2,EA,1,100,0.030254
1777235733.327239,254999.000,41674,2,EA,1,100,0.030256
1777235733.393741,255065.500,41693,2,EA,1,100,0.030254
1777235733.460242,255132.000,41693,2,EA,1,100,0.030257
1777235733.527243,255199.000,41710,1,EA,1,100,0.030255
1777235733.593745,255265.500,41730,2,EA,1,100,0.030254
1777235733.660246,255332.000,41730,2,EA,1,100,0.030254
1777235733.727248,255399.000,41748,1,EA,1,100,0.030257
1777235733.793749,255465.500,41764,2,EA,1,100,0.030258
1777235733.860250,255532.000,41764,2,EA,1,100,0.030256
1777235733.927252,255599.000,41781,1,EA,1,100,0.030254
1777235733.993753,255665.500,41800,2,EA,1,100,0.030255
1777235734.060255,255732.000,41800,2,EA,1,100,0.030254
1777235734.127256,255799.000,41817,1,EA,1,100,0.030256
1777235734.193758,255865.500,41833,2,EA,1,100,0.030255
1777235734.260259,255932.000,41833,2,EA,1,100,0.030258
1777235734.327260,255999.000,41850,1,EA,1,100,0.030258
1777235734.393762,256065.500,41869,2,EA,1,100,0.030257
1777235734.460263,256132.000,41869,2,EA,1,100,0.030257
1777235734.527265,256199.000,41888,1,EA,1,100,0.030256
1777235734.593766,256265.500,41904,2,EA,1,100,0.030254
1777235734.660267,256332.000,41904,2,EA,1,100,0.030256
1777235734.727269,256399.000,41922,1,EA,1,100,0.030255
1777235734.793770,256465.500,41940,2,EA,1,100,0.030257
1777235734.860272,256532.000,41940,2,EA,1,100,0.030255
1777235734.927273,256599.000,41957,1,EA,1,100,0.030258
1777235734.993774,256665.500,41976,2,EA,1,100,0.030257
1777235735.060276,256732.000,41976,2,EA,1,100,0.030258
1777235735.127277,256799.000,41995,1,EA,1,100,0.030256
1777235735.193779,256865.500,42013,2,EA,1,100,0.030258
1777235735.260280,256932.000,42013,2,EA,1,100,0.030256
1777235735.327281,256999.000,42030,1,EA,1,100,0.030259
1777235735.393783,257065.500,42053,2,EA,1,100,0.030257
1777235735.460284,257132.000,42053,2,EA,1,100,0.030259
1777235735.526786,257198.500,42070,2,EA,1,100,0.030256
1777235735.593287,257265.000,42070,2,EA,1,100,0.030258
1777235735.660289,257332.000,42088,2,EA,1,100,0.030256
1777235735.727290,257399.000,42088,2,EA,1,100,0.030258
1777235735.793291,257465.000,42105,1,EA,1,100,0.030256
1777235735.860293,257532.000,42123,2,EA,1,100,0.030258
1777235735.927294,257599.000,42123,2,EA,1,100,0.030257
1777235735.993296,257665.000,42142,1,EA,1,100,0.030260
1777235736.059797,257731.500,42159,2,EA,1,100,0.030257
1777235736.126298,257798.000,42159,2,EA,1,100,0.030258
1777235736.193300,257865.000,42176,1,EA,1,100,0.030256
1777235736.259801,257931.500,42194,2,EA,1,100,0.030257
1777235736.326303,257998.000,42194,2,EA,1,100,0.030256
1777235736.393304,258065.000,42212,1,EA,1,100,0.030256
1777235736.459805,258131.500,42228,2,EA,1,100,0.030256
1777235736.526307,258198.000,42228,2,EA,1,100,0.030260
1777235736.593308,258265.000,42247,1,EA,1,100,0.030258
1777235736.659810,258331.500,42266,2,EA,1,100,0.030258
1777235736.726311,258398.000,42266,2,EA,1,100,0.030255
1777235736.793313,258465.000,42283,1,EA,1,100,0.030259
1777235736.859814,258531.500,42299,2,EA,1,100,0.030257
1777235736.926315,258598.000,42299,2,EA,1,100,0.030258
1777235736.993317,258665.000,42316,1,EA,1,100,0.030256
1777235737.059818,258731.500,42335,2,EA,1,100,0.030257
1777235737.126320,258798.000,42335,2,EA,1,100,0.030256
1777235737.193321,258865.000,42354,1,EA,1,100,0.030257
1777235737.259822,258931.500,42370,2,EA,1,100,0.030256
1777235737.326324,258998.000,42370,2,EA,1,100,0.030256
1777235737.393325,259065.000,42388,1,EA,1,100,0.030254
1777235737.459827,259131.500,42406,2,EA,1,100,0.030256
1777235737.526328,259198.000,42406,2,EA,1,100,0.030256
1777235737.593329,259265.000,42423,1,EA,1,100,0.030257
1777235737.659831,259331.500,42441,2,EA,1,100,0.030256
1777235737.726332,259398.000,42441,2,EA,1,100,0.030257
1777235737.793334,259465.000,42459,1,EA,1,100,0.030255
1777235737.859835,259531.500,42477,2,EA,1,100,0.030255
1777235737.926337,259598.000,42477,2,EA,1,100,0.030254
1777235737.993338,259665.000,42495,2,EA,1,100,0.030256
1777235738.060339,259732.000,42495,2,EA,1,100,0.030256
1777235738.126341,259798.000,42513,1,EA,1,100,0.030258
1777235738.193342,259865.000,42528,2,EA,1,100,0.030257
1777235738.260344,259932.000,42528,2,EA,1,100,0.030258
1777235738.326345,259998.000,42546,1,EA,1,100,0.030256
1777235738.393346,260065.000,42566,2,EA,1,100,0.030256
1777235738.460348,260132.000,42566,2,EA,1,100,0.030254
1777235738.526349,260198.000,42584,1,EA,1,100,0.030256
1777235738.593351,260265.000,42599,2,EA,1,100,0.030256
1777235738.660352,260332.000,42599,2,EA,1,100,0.030258
1777235738.726353,260398.000,42618,1,EA,1,100,0.030256
1777235738.792855,260464.500,42635,2,EA,1,100,0.030258
1777235738.859356,260531.000,42635,2,EA,1,100,0.030256
1777235738.926358,260598.000,42653,1,EA,1,100,0.030257
1777235738.992859,260664.500,42671,2,EA,1,100,0.030255
1777235739.059361,260731.000,42671,2,EA,1,100,0.030255
1777235739.126362,260798.000,42689,1,EA,1,100,0.030255
1777235739.192863,260864.500,42706,2,EA,1,100,0.030257
1777235739.259365,260931.000,42706,2,EA,1,100,0.030256
1777235739.326366,260998.000,42724,1,EA,1,100,0.030258
1777235739.392868,261064.500,42740,2,EA,1,100,0.030256
1777235739.459369,261131.000,42740,2,EA,1,100,0.030257
1777235739.526371,261198.000,42760,1,EA,1,100,0.030255
1777235739.592872,261264.500,42777,2,EA,1,100,0.030255
1777235739.659373,261331.000,42777,2,EA,1,100,0.030254
1777235739.726375,261398.000,42796,1,EA,1,100,0.030256
1777235739.792876,261464.500,42812,2,EA,1,100,0.030254
1777235739.859377,261531.000,42812,2,EA,1,100,0.030257
1777235739.926379,261598.000,42829,2,EA,1,100,0.030256
1777235739.993380,261665.000,42829,2,EA,1,100,0.030258
1777235740.059382,261731.000,42847,1,EA,1,100,0.030256
1777235740.126383,261798.000,42869,2,EA,1,100,0.030256
1777235740.193385,261865.000,42869,2,EA,1,100,0.030255
1777235740.259386,261931.000,42886,1,EA,1,100,0.030256
1777235740.326387,261998.000,42903,2,EA,1,100,0.030255
1777235740.393389,262065.000,42903,2,EA,1,100,0.030257
1777235740.459390,262131.000,42920,1,EA,1,100,0.030256
1777235740.526392,262198.000,42943,2,EA,1,100,0.030258
1777235740.593393,262265.000,42943,2,EA,1,100,0.030256
1777235740.659894,262331.500,42963,2,EA,1,100,0.030256
1777235740.726396,262398.000,42963,2,EA,1,100,0.030255
1777235740.793397,262465.000,42981,1,EA,1,100,0.030256
1777235740.859899,262531.500,42996,2,EA,1,100,0.030256
1777235740.926400,262598.000,42996,2,EA,1,100,0.030257
1777235740.993402,262665.000,43014,1,EA,1,100,0.030256
1777235741.059903,262731.500,43032,2,EA,1,100,0.030257
1777235741.126404,262798.000,43032,2,EA,1,100,0.030256
1777235741.193406,262865.000,43052,1,EA,1,100,0.030256
1777235741.259907,262931.500,43067,2,EA,1,100,0.030255
1777235741.326409,262998.000,43067,2,EA,1,100,0.030257
1777235741.393410,263065.000,43086,1,EA,1,100,0.030256
1777235741.459911,263131.500,43103,2,EA,1,100,0.030257
1777235741.526413,263198.000,43103,2,EA,1,100,0.030256
1777235741.593414,263265.000,43121,1,EA,1,100,0.030257
1777235741.659916,263331.500,43139,2,EA,1,100,0.030255
1777235741.726417,263398.000,43139,2,EA,1,100,0.030257
1777235741.793418,263465.000,43157,1,EA,1,100,0.030256
1777235741.859920,263531.500,43174,2,EA,1,100,0.030258
1777235741.926421,263598.000,43174,2,EA,1,100,0.030256
1777235741.993423,263665.000,43192,1,EA,1,100,0.030257
1777235742.059924,263731.500,43212,2,EA,1,100,0.030256
1777235742.126426,263798.000,43212,2,EA,1,100,0.030257
1777235742.192927,263864.500,43228,2,EA,1,100,0.030256
1777235742.259428,263931.000,43228,2,EA,1,100,0.030257
1777235742.326430,263998.000,43245,1,EA,1,100,0.030255
1777235742.392931,264064.500,43264,2,EA,1,100,0.030256
1777235742.459433,264131.000,43264,2,EA,1,100,0.030256
1777235742.526434,264198.000,43281,1,EA,1,100,0.030257
1777235742.592935,264264.500,43297,2,EA,1,100,0.030257
1777235742.659437,264331.000,43297,2,EA,1,100,0.030258
1777235742.726438,264398.000,43315,1,EA,1,100,0.030255
1777235742.792940,264464.500,43335,2,EA,1,100,0.030257
1777235742.859441,264531.000,43335,2,EA,1,100,0.030255
1777235742.926442,264598.000,43352,1,EA,1,100,0.030256
1777235742.992944,264664.500,43369,2,EA,1,100,0.030255
1777235743.059445,264731.000,43369,2,EA,1,100,0.030258
1777235743.126447,264798.000,43386,1,EA,1,100,0.030256
1777235743.192948,264864.500,43404,2,EA,1,100,0.030258
1777235743.259449,264931.000,43404,2,EA,1,100,0.030256
1777235743.326451,264998.000,43421,1,EA,1,100,0.030258
1777235743.392952,265064.500,43440,2,EA,1,100,0.030257
1777235743.459454,265131.000,43440,2,EA,1,100,0.030256
1777235743.526455,265198.000,43457,1,EA,1,100,0.030255
1777235743.592957,265264.500,43475,2,EA,1,100,0.030257
1777235743.659458,265331.000,43475,2,EA,1,100,0.030255
1777235743.726459,265398.000,43493,1,EA,1,100,0.030258
1777235743.792961,265464.500,43509,2,EA,1,100,0.030256
1777235743.859462,265531.000,43509,2,EA,1,100,0.030258
1777235743.926464,265598.000,43528,1,EA,1,100,0.030256
1777235743.992965,265664.500,43547,2,EA,1,100,0.030257
1777235744.059466,265731.000,43547,2,EA,1,100,0.030256
1777235744.126468,265798.000,43564,1,EA,1,100,0.030257
1777235744.192969,265864.500,43581,2,EA,1,100,0.030256
1777235744.259471,265931.000,43581,2,EA,1,100,0.030257
1777235744.326472,265998.000,43597,1,EA,1,100,0.030256
1777235744.392973,266064.500,43616,2,EA,1,100,0.030257
1777235744.459475,266131.000,43616,2,EA,1,100,0.030256
1777235744.526476,266198.000,43635,1,EA,1,100,0.030258
1777235744.592978,266264.500,43652,2,EA,1,100,0.030256
1777235744.659479,266331.000,43652,2,EA,1,100,0.030256
1777235744.725981,266397.500,43669,2,EA,1,100,0.030256
1777235744.792482,266464.000,43669,2,EA,1,100,0.030258
1777235744.859483,266531.000,43687,1,EA,1,100,0.030256
1777235744.925985,266597.500,43704,2,EA,1,100,0.030259
1777235744.992486,266664.000,43704,2,EA,1,100,0.030258
1777235745.059488,266731.000,43725,1,EA,1,100,0.030258
1777235745.125989,266797.500,43742,2,EA,1,100,0.030256
1777235745.192490,266864.000,43742,2,EA,1,100,0.030258
1777235745.259492,266931.000,43760,1,EA,1,100,0.030256
1777235745.325993,266997.500,43780,2,EA,1,100,0.030257
1777235745.392495,267064.000,43780,2,EA,1,100,0.030256
1777235745.459496,267131.000,43798,1,EA,1,100,0.030258
1777235745.525997,267197.500,43813,2,EA,1,100,0.030257
1777235745.592499,267264.000,43813,2,EA,1,100,0.030259
1777235745.659000,267330.500,43835,2,EA,1,100,0.030257
1777235745.725502,267397.000,43835,2,EA,1,100,0.030259
1777235745.792503,267464.000,43852,1,EA,1,100,0.030256
1777235745.859004,267530.500,43870,2,EA,1,100,0.030258
1777235745.925506,267597.000,43870,2,EA,1,100,0.030257
1777235745.992507,267664.000,43889,1,EA,1,100,0.030258
1777235746.059009,267730.500,43906,2,EA,1,100,0.030256
1777235746.125510,267797.000,43906,2,EA,1,100,0.030257
1777235746.192512,267864.000,43923,1,EA,1,100,0.030256
1777235746.259013,267930.500,43941,2,EA,1,100,0.030256
1777235746.325514,267997.000,43941,2,EA,1,100,0.030256
1777235746.392516,268064.000,43959,1,EA,1,100,0.030257
1777235746.459017,268130.500,43976,2,EA,1,100,0.030255
1777235746.525519,268197.000,43976,2,EA,1,100,0.030256
1777235746.592520,268264.000,43994,1,EA,1,100,0.030255
1777235746.659021,268330.500,44013,2,EA,1,100,0.030258
1777235746.725523,268397.000,44013,2,EA,1,100,0.030256
1777235746.792524,268464.000,44030,2,EA,1,100,0.030257
1777235746.859526,268531.000,44030,2,EA,1,100,0.030256
1777235746.925527,268597.000,44048,1,EA,1,100,0.030259
1777235746.992528,268664.000,44064,2,EA,1,100,0.030257
1777235747.059530,268731.000,44064,2,EA,1,100,0.030257
1777235747.125531,268797.000,44084,1,EA,1,100,0.030256
1777235747.192533,268864.000,44101,2,EA,1,100,0.030258
1777235747.259534,268931.000,44101,2,EA,1,100,0.030258
1777235747.325536,268997.000,44119,1,EA,1,100,0.030259
1777235747.392537,269064.000,44135,2,EA,1,100,0.030257
1777235747.459538,269131.000,44135,2,EA,1,100,0.030258
1777235747.525540,269197.000,44153,1,EA,1,100,0.030257
1777235747.592541,269264.000,44170,2,EA,1,100,0.030259
1777235747.659543,269331.000,44170,2,EA,1,100,0.030257
1777235747.725544,269397.000,44191,1,EA,1,100,0.030259
1777235747.792545,269464.000,44206,2,EA,1,100,0.030257
1777235747.859547,269531.000,44206,2,EA,1,100,0.030259
1777235747.925548,269597.000,44224,1,EA,1,100,0.030258
1777235747.992550,269664.000,44242,2,EA,1,100,0.030259
1777235748.059551,269731.000,44242,2,EA,1,100,0.030257
1777235748.125552,269797.000,44260,1,EA,1,100,0.030258
1777235748.192554,269864.000,44275,2,EA,1,100,0.030257
1777235748.259555,269931.000,44275,2,EA,1,100,0.030259
1777235748.325557,269997.000,44293,1,EA,1,100,0.030257
1777235748.392558,270064.000,44311,2,EA,1,100,0.030259
1777235748.459559,270131.000,44311,2,EA,1,100,0.030257
1777235748.525561,270197.000,44329,1,EA,1,100,0.030259
1777235748.592562,270264.000,44344,2,EA,1,100,0.030257
1777235748.659564,270331.000,44344,2,EA,1,100,0.030258
1777235748.725565,270397.000,44363,1,EA,1,100,0.030257
1777235748.792567,270464.000,44380,2,EA,1,100,0.030260
1777235748.859568,270531.000,44380,2,EA,1,100,0.030259
1777235748.925570,270597.000,44398,1,EA,1,100,0.030261
1777235748.992071,270663.500,44417,2,EA,1,100,0.030259
1777235749.058572,270730.000,44417,2,EA,1,100,0.030259
1777235749.125574,270797.000,44434,2,EA,1,100,0.030258
1777235749.192575,270864.000,44434,2,EA,1,100,0.030261
1777235749.259577,270931.000,44451,1,EA,1,100,0.030258
1777235749.326078,270997.500,44470,2,EA,1,100,0.030259
1777235749.392579,271064.000,44470,2,EA,1,100,0.030258
1777235749.458581,271130.000,44487,1,EA,1,100,0.030260
1777235749.525582,271197.000,44503,2,EA,1,100,0.030258
1777235749.592584,271264.000,44503,2,EA,1,100,0.030260
1777235749.658585,271330.000,44522,1,EA,1,100,0.030258
1777235749.725586,271397.000,44541,2,EA,1,100,0.030260
1777235749.792588,271464.000,44541,2,EA,1,100,0.030259
1777235749.858589,271530.000,44558,1,EA,1,100,0.030260
1777235749.925591,271597.000,44574,2,EA,1,100,0.030258
1777235749.992592,271664.000,44574,2,EA,1,100,0.030262
1777235750.058594,271730.000,44592,1,EA,1,100,0.030259
1777235750.125595,271797.000,44612,2,EA,1,100,0.030260
1777235750.192596,271864.000,44612,2,EA,1,100,0.030258
1777235750.258598,271930.000,44631,1,EA,1,100,0.030261
1777235750.325599,271997.000,44648,2,EA,1,100,0.030258
1777235750.392601,272064.000,44648,2,EA,1,100,0.030261
1777235750.458602,272130.000,44665,1,EA,1,100,0.030260
1777235750.525603,272197.000,44683,2,EA,1,100,0.030261
1777235750.592605,272264.000,44683,2,EA,1,100,0.030258
1777235750.658606,272330.000,44700,1,EA,1,100,0.030260
1777235750.725274,272396.667,44726,3,EA,1,100,0.030258
1777235750.791942,272463.333,44726,3,EA,1,100,0.030260
1777235750.858610,272530.000,44726,3,EA,1,100,0.030259
1777235750.925612,272597.000,44743,1,EA,1,100,0.030261
1777235750.992113,272663.500,44760,2,EA,1,100,0.030259
1777235751.058614,272730.000,44760,2,EA,1,100,0.030261
1777235751.125616,272797.000,44777,1,EA,1,100,0.030258
1777235751.192117,272863.500,44795,2,EA,1,100,0.030261
1777235751.258619,272930.000,44795,2,EA,1,100,0.030259
1777235751.325620,272997.000,44814,1,EA,1,100,0.030261
1777235751.392122,273063.500,44831,2,EA,1,100,0.030259
1777235751.458623,273130.000,44831,2,EA,1,100,0.030262
1777235751.525625,273197.000,44848,1,EA,1,100,0.030260
1777235751.592126,273263.500,44866,2,EA,1,100,0.030261
1777235751.658627,273330.000,44866,2,EA,1,100,0.030259
1777235751.725629,273397.000,44884,1,EA,1,100,0.030261
1777235751.792130,273463.500,44900,2,EA,1,100,0.030259
1777235751.858632,273530.000,44900,2,EA,1,100,0.030261
1777235751.925633,273597.000,44919,1,EA,1,100,0.030259
1777235751.992134,273663.500,44938,2,EA,1,100,0.030261
1777235752.058636,273730.000,44938,2,EA,1,100,0.030259
1777235752.125637,273797.000,44955,1,EA,1,100,0.030262
1777235752.192139,273863.500,44972,2,EA,1,100,0.030259
1777235752.258640,273930.000,44972,2,EA,1,100,0.030262
1777235752.325641,273997.000,44988,1,EA,1,100,0.030259
1777235752.392143,274063.500,45007,2,EA,1,100,0.030262
1777235752.458644,274130.000,45007,2,EA,1,100,0.030261
1777235752.525146,274196.500,45024,2,EA,1,100,0.030263
1777235752.591647,274263.000,45024,2,EA,1,100,0.030261
1777235752.658648,274330.000,45042,1,EA,1,100,0.030262
1777235752.725150,274396.500,45060,2,EA,1,100,0.030259
1777235752.791651,274463.000,45060,2,EA,1,100,0.030261
1777235752.858653,274530.000,45078,1,EA,1,100,0.030259
1777235752.925154,274596.500,45095,2,EA,1,100,0.030261
1777235752.991656,274663.000,45095,2,EA,1,100,0.030259
1777235753.058657,274730.000,45114,1,EA,1,100,0.030260
1777235753.125158,274796.500,45129,2,EA,1,100,0.030258
1777235753.191660,274863.000,45129,2,EA,1,100,0.030260
1777235753.258661,274930.000,45147,1,EA,1,100,0.030259
1777235753.325163,274996.500,45165,2,EA,1,100,0.030259
1777235753.391664,275063.000,45165,2,EA,1,100,0.030258
1777235753.458665,275130.000,45183,1,EA,1,100,0.030261
1777235753.525167,275196.500,45198,2,EA,1,100,0.030259
1777235753.591668,275263.000,45198,2,EA,1,100,0.030261
1777235753.658670,275330.000,45216,1,EA,1,100,0.030259
1777235753.725671,275397.000,45234,2,EA,1,100,0.030261
1777235753.792672,275464.000,45234,2,EA,1,100,0.030259
1777235753.858674,275530.000,45254,1,EA,1,100,0.030260
1777235753.925175,275596.500,45269,2,EA,1,100,0.030259
1777235753.991677,275663.000,45269,2,EA,1,100,0.030261
1777235754.058678,275730.000,45288,1,EA,1,100,0.030259
1777235754.125180,275796.500,45305,2,EA,1,100,0.030261
1777235754.191681,275863.000,45305,2,EA,1,100,0.030260
1777235754.258682,275930.000,45323,1,EA,1,100,0.030261
1777235754.325184,275996.500,45340,2,EA,1,100,0.030259
1777235754.391685,276063.000,45340,2,EA,1,100,0.030261
1777235754.458687,276130.000,45357,1,EA,1,100,0.030259
1777235754.525188,276196.500,45374,2,EA,1,100,0.030261
1777235754.591689,276263.000,45374,2,EA,1,100,0.030258
1777235754.658691,276330.000,45392,1,EA,1,100,0.030261
1777235754.725192,276396.500,45409,2,EA,1,100,0.030259
1777235754.791694,276463.000,45409,2,EA,1,100,0.030261
1777235754.858695,276530.000,45426,2,EA,1,100,0.030259
1777235754.925696,276597.000,45426,2,EA,1,100,0.030261
1777235754.991698,276663.000,45443,1,EA,1,100,0.030259
1777235755.058699,276730.000,45464,2,EA,1,100,0.030260
1777235755.125701,276797.000,45464,2,EA,1,100,0.030259
1777235755.191702,276863.000,45481,1,EA,1,100,0.030261
1777235755.258703,276930.000,45497,2,EA,1,100,0.030259
1777235755.325705,276997.000,45497,2,EA,1,100,0.030261
1777235755.391706,277063.000,45515,1,EA,1,100,0.030260
1777235755.458708,277130.000,45533,2,EA,1,100,0.030262
1777235755.525709,277197.000,45533,2,EA,1,100,0.030259
1777235755.591711,277263.000,45550,1,EA,1,100,0.030262
1777235755.658712,277330.000,45567,2,EA,1,100,0.030260
1777235755.725713,277397.000,45567,2,EA,1,100,0.030263
1777235755.791715,277463.000,45584,1,EA,1,100,0.030260
1777235755.858216,277529.500,45607,2,EA,1,100,0.030261
1777235755.924718,277596.000,45607,2,EA,1,100,0.030260
1777235755.991719,277663.000,45625,2,EA,1,100,0.030262
1777235756.058720,277730.000,45625,2,EA,1,100,0.030260
1777235756.125722,277797.000,45643,1,EA,1,100,0.030261
1777235756.192223,277863.500,45659,2,EA,1,100,0.030259
1777235756.258725,277930.000,45659,2,EA,1,100,0.030261
1777235756.325226,277996.500,45677,2,EA,1,100,0.030259
1777235756.391727,278063.000,45677,2,EA,1,100,0.030261
1777235756.458729,278130.000,45694,1,EA,1,100,0.030259
1777235756.525230,278196.500,45712,2,EA,1,100,0.030261
1777235756.591732,278263.000,45712,2,EA,1,100,0.030260
1777235756.658733,278330.000,45729,1,EA,1,100,0.030262
1777235756.725235,278396.500,45746,2,EA,1,100,0.030260
1777235756.791736,278463.000,45746,2,EA,1,100,0.030262
1777235756.858737,278530.000,45763,1,EA,1,100,0.030259
1777235756.925239,278596.500,45781,2,EA,1,100,0.030261
1777235756.991740,278663.000,45781,2,EA,1,100,0.030259
1777235757.058742,278730.000,45799,1,EA,1,100,0.030261
1777235757.125243,278796.500,45815,2,EA,1,100,0.030259
1777235757.191744,278863.000,45815,2,EA,1,100,0.030261
1777235757.258746,278930.000,45832,1,EA,1,100,0.030259
1777235757.325247,278996.500,45851,2,EA,1,100,0.030261
1777235757.391749,279063.000,45851,2,EA,1,100,0.030259
1777235757.458750,279130.000,45868,1,EA,1,100,0.030261
1777235757.525251,279196.500,45884,2,EA,1,100,0.030260
1777235757.591753,279263.000,45884,2,EA,1,100,0.030261
1777235757.658754,279330.000,45901,1,EA,1,100,0.030260
1777235757.725256,279396.500,45920,2,EA,1,100,0.030262
1777235757.791757,279463.000,45920,2,EA,1,100,0.030260
1777235757.858758,279530.000,45937,1,EA,1,100,0.030262
1777235757.925260,279596.500,45953,2,EA,1,100,0.030261
1777235757.991761,279663.000,45953,2,EA,1,100,0.030261
1777235758.058763,279730.000,45971,1,EA,1,100,0.030259
1777235758.125264,279796.500,45989,2,EA,1,100,0.030261
1777235758.191766,279863.000,45989,2,EA,1,100,0.030259
1777235758.258767,279930.000,46006,1,EA,1,100,0.030262
1777235758.325269,279996.500,46023,2,EA,1,100,0.030260
1777235758.391770,280063.000,46023,2,EA,1,100,0.030262
1777235758.458771,280130.000,46040,1,EA,1,100,0.030260
1777235758.525273,280196.500,46058,2,EA,1,100,0.030262
1777235758.591774,280263.000,46058,2,EA,1,100,0.030260
1777235758.658275,280329.500,46076,2,EA,1,100,0.030262
1777235758.724777,280396.000,46076,2,EA,1,100,0.030259
1777235758.791778,280463.000,46096,1,EA,1,100,0.030262
1777235758.858280,280529.500,46111,2,EA,1,100,0.030261
1777235758.924781,280596.000,46111,2,EA,1,100,0.030263
1777235758.991782,280663.000,46129,1,EA,1,100,0.030261
1777235759.058284,280729.500,46147,2,EA,1,100,0.030262
1777235759.124785,280796.000,46147,2,EA,1,100,0.030259
1777235759.191787,280863.000,46165,1,EA,1,100,0.030262
1777235759.258288,280929.500,46180,2,EA,1,100,0.030260
1777235759.324790,280996.000,46180,2,EA,1,100,0.030263
1777235759.391791,281063.000,46199,1,EA,1,100,0.030260
1777235759.458292,281129.500,46216,2,EA,1,100,0.030262
1777235759.524794,281196.000,46216,2,EA,1,100,0.030260
1777235759.591795,281263.000,46234,1,EA,1,100,0.030262
1777235759.658297,281329.500,46252,2,EA,1,100,0.030260
1777235759.724798,281396.000,46252,2,EA,1,100,0.030262
1777235759.791800,281463.000,46270,1,EA,1,100,0.030260
1777235759.858301,281529.500,46287,2,EA,1,100,0.030263
1777235759.924802,281596.000,46287,2,EA,1,100,0.030261
1777235759.991804,281663.000,46305,1,EA,1,100,0.030263
1777235760.058305,281729.500,46323,2,EA,1,100,0.030260
1777235760.124807,281796.000,46323,2,EA,1,100,0.030262
1777235760.191808,281863.000,46341,1,EA,1,100,0.030260
1777235760.258309,281929.500,46358,2,EA,1,100,0.030262
1777235760.324811,281996.000,46358,2,EA,1,100,0.030260
1777235760.391812,282063.000,46377,1,EA,1,100,0.030262
1777235760.458314,282129.500,46395,2,EA,1,100,0.030261
1777235760.524815,282196.000,46395,2,EA,1,100,0.030262
1777235760.591816,282263.000,46412,1,EA,1,100,0.030261
1777235760.658318,282329.500,46430,2,EA,1,100,0.030263
1777235760.724819,282396.000,46430,2,EA,1,100,0.030261
1777235760.791321,282462.500,46448,2,EA,1,100,0.030263
1777235760.857822,282529.000,46448,2,EA,1,100,0.030260
1777235760.924824,282596.000,46465,1,EA,1,100,0.030263
1777235760.991325,282662.500,46489,2,EA,1,100,0.030260
1777235761.057826,282729.000,46489,2,EA,1,100,0.030263
1777235761.124828,282796.000,46506,2,EA,1,100,0.030261
1777235761.191829,282863.000,46506,2,EA,1,100,0.030263
1777235761.257831,282929.000,46524,1,EA,1,100,0.030261
1777235761.324832,282996.000,46542,2,EA,1,100,0.030263
1777235761.391833,283063.000,46542,2,EA,1,100,0.030261
1777235761.457835,283129.000,46560,1,EA,1,100,0.030263
1777235761.524836,283196.000,46575,2,EA,1,100,0.030261
1777235761.591838,283263.000,46575,2,EA,1,100,0.030263
1777235761.657839,283329.000,46593,1,EA,1,100,0.030261
1777235761.724840,283396.000,46611,2,EA,1,100,0.030264
1777235761.791842,283463.000,46611,2,EA,1,100,0.030261
1777235761.857843,283529.000,46629,1,EA,1,100,0.030264
1777235761.924845,283596.000,46644,2,EA,1,100,0.030262
1777235761.991846,283663.000,46644,2,EA,1,100,0.030265
1777235762.057847,283729.000,46665,1,EA,1,100,0.030262
1777235762.124849,283796.000,46682,2,EA,1,100,0.030264
1777235762.191850,283863.000,46682,2,EA,1,100,0.030262
1777235762.257852,283929.000,46700,1,EA,1,100,0.030264
1777235762.324853,283996.000,46717,2,EA,1,100,0.030261
1777235762.391855,284063.000,46717,2,EA,1,100,0.030264
1777235762.457856,284129.000,46734,1,EA,1,100,0.030262
1777235762.524357,284195.500,46751,2,EA,1,100,0.030265
1777235762.590859,284262.000,46751,2,EA,1,100,0.030261
1777235762.657860,284329.000,46770,2,EA,1,100,0.030264
1777235762.724862,284396.000,46770,2,EA,1,100,0.030262
1777235762.790863,284462.000,46787,1,EA,1,100,0.030264
1777235762.857864,284529.000,46805,2,EA,1,100,0.030262
1777235762.924866,284596.000,46805,2,EA,1,100,0.030264
1777235762.990867,284662.000,46822,1,EA,1,100,0.030262
1777235763.057869,284729.000,46841,2,EA,1,100,0.030265
1777235763.124870,284796.000,46841,2,EA,1,100,0.030262
1777235763.190871,284862.000,46858,1,EA,1,100,0.030264
1777235763.257873,284929.000,46874,2,EA,1,100,0.030262
1777235763.324874,284996.000,46874,2,EA,1,100,0.030265
1777235763.390876,285062.000,46892,1,EA,1,100,0.030263
1777235763.457877,285129.000,46910,2,EA,1,100,0.030265
1777235763.524879,285196.000,46910,2,EA,1,100,0.030263
1777235763.590880,285262.000,46926,1,EA,1,100,0.030267
1777235763.657881,285329.000,46942,2,EA,1,100,0.030264
1777235763.724883,285396.000,46942,2,EA,1,100,0.030266
1777235763.790884,285462.000,46959,1,EA,1,100,0.030263
1777235763.857886,285529.000,46977,2,EA,1,100,0.030266
1777235763.924887,285596.000,46977,2,EA,1,100,0.030262
1777235763.990888,285662.000,46994,1,EA,1,100,0.030265
1777235764.057890,285729.000,47010,2,EA,1,100,0.030263
1777235764.124891,285796.000,47010,2,EA,1,100,0.030265
1777235764.190893,285862.000,47027,1,EA,1,100,0.030263
1777235764.257894,285929.000,47045,2,EA,1,100,0.030266
1777235764.324895,285996.000,47045,2,EA,1,100,0.030264
1777235764.390897,286062.000,47062,1,EA,1,100,0.030266
1777235764.457898,286129.000,47079,2,EA,1,100,0.030263
1777235764.524900,286196.000,47079,2,EA,1,100,0.030266
1777235764.590901,286262.000,47095,1,EA,1,100,0.030263
1777235764.657902,286329.000,47114,2,EA,1,100,0.030266
1777235764.724904,286396.000,47114,2,EA,1,100,0.030262
1777235764.790905,286462.000,47131,1,EA,1,100,0.030265
1777235764.857907,286529.000,47147,2,EA,1,100,0.030263
1777235764.924908,286596.000,47147,2,EA,1,100,0.030267
1777235764.991410,286662.500,47164,2,EA,1,100,0.030264
1777235765.057911,286729.000,47164,2,EA,1,100,0.030266
1777235765.124913,286796.000,47184,1,EA,1,100,0.030263
1777235765.191414,286862.500,47201,2,EA,1,100,0.030265
1777235765.257915,286929.000,47201,2,EA,1,100,0.030263
1777235765.324917,286996.000,47218,1,EA,1,100,0.030265
1777235765.391418,287062.500,47236,2,EA,1,100,0.030263
1777235765.457919,287129.000,47236,2,EA,1,100,0.030266
1777235765.524921,287196.000,47253,1,EA,1,100,0.030264
1777235765.591422,287262.500,47270,2,EA,1,100,0.030266
1777235765.657924,287329.000,47270,2,EA,1,100,0.030263
1777235765.723925,287395.000,47288,1,EA,1,100,0.030265
1777235765.790926,287462.000,47303,2,EA,1,100,0.030263
1777235765.857928,287529.000,47303,2,EA,1,100,0.030266
1777235765.924929,287596.000,47320,1,EA,1,100,0.030263
1777235765.991431,287662.500,47337,2,EA,1,100,0.030266
1777235766.057932,287729.000,47337,2,EA,1,100,0.030264
1777235766.124434,287795.500,47357,2,EA,1,100,0.030267
1777235766.190935,287862.000,47357,2,EA,1,100,0.030265
1777235766.257936,287929.000,47373,1,EA,1,100,0.030269
1777235766.324438,287995.500,47389,2,EA,1,100,0.030265
1777235766.390939,288062.000,47389,2,EA,1,100,0.030268
1777235766.457941,288129.000,47405,1,EA,1,100,0.030265
1777235766.524442,288195.500,47423,2,EA,1,100,0.030267
1777235766.590943,288262.000,47423,2,EA,1,100,0.030263
1777235766.657945,288329.000,47439,1,EA,1,100,0.030267
1777235766.724446,288395.500,47456,2,EA,1,100,0.030265
1777235766.790948,288462.000,47456,2,EA,1,100,0.030268
1777235766.857949,288529.000,47471,1,EA,1,100,0.030265
1777235766.924450,288595.500,47488,2,EA,1,100,0.030268
1777235766.990952,288662.000,47488,2,EA,1,100,0.030265
1777235767.057953,288729.000,47505,1,EA,1,100,0.030269
1777235767.124455,288795.500,47521,2,EA,1,100,0.030266
1777235767.190956,288862.000,47521,2,EA,1,100,0.030269
1777235767.257457,288928.500,47536,2,EA,1,100,0.030264
1777235767.323959,288995.000,47536,2,EA,1,100,0.030269
1777235767.390960,289062.000,47554,1,EA,1,100,0.030266
1777235767.457462,289128.500,47570,2,EA,1,100,0.030269
1777235767.523963,289195.000,47570,2,EA,1,100,0.030265
1777235767.590965,289262.000,47587,1,EA,1,100,0.030269
1777235767.657466,289328.500,47602,2,EA,1,100,0.030265
1777235767.723967,289395.000,47602,2,EA,1,100,0.030268
1777235767.790969,289462.000,47619,1,EA,1,100,0.030265
1777235767.857470,289528.500,47635,2,EA,1,100,0.030268
1777235767.923972,289595.000,47635,2,EA,1,100,0.030265
1777235767.990973,289662.000,47652,1,EA,1,100,0.030268
1777235768.057474,289728.500,47667,2,EA,1,100,0.030266
1777235768.123976,289795.000,47667,2,EA,1,100,0.030270
1777235768.190977,289862.000,47684,1,EA,1,100,0.030266
1777235768.257479,289928.500,47700,2,EA,1,100,0.030269
1777235768.323980,289995.000,47700,2,EA,1,100,0.030266
1777235768.390981,290062.000,47718,1,EA,1,100,0.030269
1777235768.457483,290128.500,47732,2,EA,1,100,0.030266
1777235768.523984,290195.000,47732,2,EA,1,100,0.030269
1777235768.590986,290262.000,47749,1,EA,1,100,0.030266
1777235768.657487,290328.500,47766,2,EA,1,100,0.030268
1777235768.723989,290395.000,47766,2,EA,1,100,0.030265
1777235768.790990,290462.000,47783,1,EA,1,100,0.030269
1777235768.857491,290528.500,47798,2,EA,1,100,0.030266
1777235768.923993,290595.000,47798,2,EA,1,100,0.030270
1777235768.990994,290662.000,47814,1,EA,1,100,0.030265
1777235769.057496,290728.500,47831,2,EA,1,100,0.030268
1777235769.123997,290795.000,47831,2,EA,1,100,0.030266
1777235769.190499,290861.500,47848,2,EA,1,100,0.030269
1777235769.257000,290928.000,47848,2,EA,1,100,0.030266
1777235769.324001,290995.000,47864,1,EA,1,100,0.030269
1777235769.390503,291061.500,47880,2,EA,1,100,0.030266
1777235769.457004,291128.000,47880,2,EA,1,100,0.030270
1777235769.524006,291195.000,47898,1,EA,1,100,0.030267
1777235769.590507,291261.500,47915,2,EA,1,100,0.030269
1777235769.657008,291328.000,47915,2,EA,1,100,0.030266
1777235769.724010,291395.000,47932,1,EA,1,100,0.030270
1777235769.790511,291461.500,47947,2,EA,1,100,0.030266
1777235769.857013,291528.000,47947,2,EA,1,100,0.030269
1777235769.924014,291595.000,47963,1,EA,1,100,0.030266
1777235769.990515,291661.500,47981,2,EA,1,100,0.030270
1777235770.057017,291728.000,47981,2,EA,1,100,0.030267
1777235770.124018,291795.000,47999,1,EA,1,100,0.030269
1777235770.190520,291861.500,48016,2,EA,1,100,0.030267
1777235770.257021,291928.000,48016,2,EA,1,100,0.030272
1777235770.324023,291995.000,48032,1,EA,1,100,0.030267
1777235770.390524,292061.500,48050,2,EA,1,100,0.030269
1777235770.457025,292128.000,48050,2,EA,1,100,0.030267
1777235770.524027,292195.000,48066,1,EA,1,100,0.030270
1777235770.590528,292261.500,48081,2,EA,1,100,0.030267
1777235770.657030,292328.000,48081,2,EA,1,100,0.030270
1777235770.724031,292395.000,48098,1,EA,1,100,0.030268
1777235770.790532,292461.500,48115,2,EA,1,100,0.030271
1777235770.857034,292528.000,48115,2,EA,1,100,0.030268
1777235770.924035,292595.000,48131,1,EA,1,100,0.030271
1777235770.990537,292661.500,48148,2,EA,1,100,0.030267
1777235771.057038,292728.000,48148,2,EA,1,100,0.030271
1777235771.124039,292795.000,48163,1,EA,1,100,0.030267
1777235771.190541,292861.500,48185,2,EA,1,100,0.030271
1777235771.257042,292928.000,48185,2,EA,1,100,0.030267
1777235771.324044,292995.000,48204,2,EA,1,100,0.030271
1777235771.391045,293062.000,48204,2,EA,1,100,0.030268
1777235771.457546,293128.500,48221,2,EA,1,100,0.030272
1777235771.524048,293195.000,48221,2,EA,1,100,0.030268
1777235771.591049,293262.000,48237,1,EA,1,100,0.030271
1777235771.657551,293328.500,48253,2,EA,1,100,0.030267
1777235771.724052,293395.000,48253,2,EA,1,100,0.030271
1777235771.791054,293462.000,48269,1,EA,1,100,0.030267
1777235771.857555,293528.500,48288,2,EA,1,100,0.030271
1777235771.924056,293595.000,48288,2,EA,1,100,0.030269
1777235771.991058,293662.000,48304,1,EA,1,100,0.030272
1777235772.057559,293728.500,48320,2,EA,1,100,0.030269
1777235772.124061,293795.000,48320,2,EA,1,100,0.030272
1777235772.191062,293862.000,48336,1,EA,1,100,0.030269
1777235772.257563,293928.500,48353,2,EA,1,100,0.030272
1777235772.324065,293995.000,48353,2,EA,1,100,0.030269
1777235772.390066,294061.000,48370,1,EA,1,100,0.030274
1777235772.457068,294128.000,48385,2,EA,1,100,0.030270
1777235772.524069,294195.000,48385,2,EA,1,100,0.030272
1777235772.591070,294262.000,48401,1,EA,1,100,0.030269
1777235772.657572,294328.500,48419,2,EA,1,100,0.030274
1777235772.724073,294395.000,48419,2,EA,1,100,0.030269
1777235772.790075,294461.000,48435,1,EA,1,100,0.030273
1777235772.857076,294528.000,48453,2,EA,1,100,0.030269
1777235772.924078,294595.000,48453,2,EA,1,100,0.030272
1777235772.990079,294661.000,48468,1,EA,1,100,0.030269
1777235773.057080,294728.000,48486,2,EA,1,100,0.030272
1777235773.124082,294795.000,48486,2,EA,1,100,0.030270
1777235773.190583,294861.500,48502,2,EA,1,100,0.030274
1777235773.257085,294928.000,48502,2,EA,1,100,0.030269
1777235773.324086,294995.000,48519,1,EA,1,100,0.030274
1777235773.390587,295061.500,48534,2,EA,1,100,0.030271
1777235773.457089,295128.000,48534,2,EA,1,100,0.030273
1777235773.524090,295195.000,48551,1,EA,1,100,0.030271
1777235773.590592,295261.500,48567,2,EA,1,100,0.030275
1777235773.657093,295328.000,48567,2,EA,1,100,0.030270
1777235773.724094,295395.000,48585,1,EA,1,100,0.030274
1777235773.790596,295461.500,48599,2,EA,1,100,0.030270
1777235773.857097,295528.000,48599,2,EA,1,100,0.030275
1777235773.924099,295595.000,48616,1,EA,1,100,0.030271
1777235773.990600,295661.500,48633,2,EA,1,100,0.030275
1777235774.057101,295728.000,48633,2,EA,1,100,0.030271
1777235774.124103,295795.000,48650,1,EA,1,100,0.030274
1777235774.190604,295861.500,48666,2,EA,1,100,0.030271
1777235774.257106,295928.000,48666,2,EA,1,100,0.030276
1777235774.324107,295995.000,48683,1,EA,1,100,0.030271
1777235774.390609,296061.500,48700,2,EA,1,100,0.030276
1777235774.457110,296128.000,48700,2,EA,1,100,0.030271
1777235774.524112,296195.000,48717,1,EA,1,100,0.030276
1777235774.590613,296261.500,48731,2,EA,1,100,0.030271
1777235774.657114,296328.000,48731,2,EA,1,100,0.030276
1777235774.724116,296395.000,48749,1,EA,1,100,0.030272
1777235774.790617,296461.500,48765,2,EA,1,100,0.030277
1777235774.857118,296528.000,48765,2,EA,1,100,0.030272
1777235774.924120,296595.000,48782,1,EA,1,100,0.030276
1777235774.990621,296661.500,48798,2,EA,1,100,0.030271
1777235775.057123,296728.000,48798,2,EA,1,100,0.030276
1777235775.124124,296795.000,48816,1,EA,1,100,0.030272
1777235775.190625,296861.500,48832,2,EA,1,100,0.030277
1777235775.257127,296928.000,48832,2,EA,1,100,0.030273
1777235775.324128,296995.000,48849,1,EA,1,100,0.030276
1777235775.390630,297061.500,48865,2,EA,1,100,0.030272
1777235775.457131,297128.000,48865,2,EA,1,100,0.030276
1777235775.523633,297194.500,48881,2,EA,1,100,0.030272
1777235775.590134,297261.000,48881,2,EA,1,100,0.030277
1777235775.657135,297328.000,48897,1,EA,1,100,0.030272
1777235775.723637,297394.500,48915,2,EA,1,100,0.030276
1777235775.790138,297461.000,48915,2,EA,1,100,0.030272
1777235775.857140,297528.000,48931,1,EA,1,100,0.030277
1777235775.923641,297594.500,48946,2,EA,1,100,0.030273
1777235775.990142,297661.000,48946,2,EA,1,100,0.030277
1777235776.057144,297728.000,48965,1,EA,1,100,0.030273
1777235776.123645,297794.500,48982,2,EA,1,100,0.030277
1777235776.190147,297861.000,48982,2,EA,1,100,0.030273
1777235776.257148,297928.000,48998,1,EA,1,100,0.030277
1777235776.323649,297994.500,49021,2,EA,1,100,0.030272
1777235776.390151,298061.000,49021,2,EA,1,100,0.030277
1777235776.456652,298127.500,49037,2,EA,1,100,0.030273
1777235776.523154,298194.000,49037,2,EA,1,100,0.030277
1777235776.590155,298261.000,49054,1,EA,1,100,0.030273
1777235776.656657,298327.500,49071,2,EA,1,100,0.030278
1777235776.723158,298394.000,49071,2,EA,1,100,0.030274
1777235776.790159,298461.000,49088,1,EA,1,100,0.030278
1777235776.856661,298527.500,49102,2,EA,1,100,0.030274
1777235776.923162,298594.000,49102,2,EA,1,100,0.030277
1777235776.990164,298661.000,49119,1,EA,1,100,0.030272
1777235777.056665,298727.500,49138,2,EA,1,100,0.030277
1777235777.123166,298794.000,49138,2,EA,1,100,0.030274
1777235777.190168,298861.000,49155,1,EA,1,100,0.030278
1777235777.256669,298927.500,49170,2,EA,1,100,0.030274
1777235777.323171,298994.000,49170,2,EA,1,100,0.030278
1777235777.390172,299061.000,49187,2,EA,1,100,0.030274
1777235777.457174,299128.000,49187,2,EA,1,100,0.030279
1777235777.523175,299194.000,49203,1,EA,1,100,0.030274
1777235777.590176,299261.000,49220,2,EA,1,100,0.030278
1777235777.657178,299328.000,49220,2,EA,1,100,0.030274
1777235777.723179,299394.000,49237,1,EA,1,100,0.030279
1777235777.790180,299461.000,49252,2,EA,1,100,0.030275
1777235777.857182,299528.000,49252,2,EA,1,100,0.030281
1777235777.923183,299594.000,49268,1,EA,1,100,0.030275
1777235777.990185,299661.000,49288,2,EA,1,100,0.030280
1777235778.057186,299728.000,49288,2,EA,1,100,0.030275
1777235778.123188,299794.000,49304,1,EA,1,100,0.030279
1777235778.190189,299861.000,49319,2,EA,1,100,0.030274
1777235778.257190,299928.000,49319,2,EA,1,100,0.030280
1777235778.323192,299994.000,49337,1,EA,1,100,0.030275
1777235778.390193,300061.000,49355,2,EA,1,100,0.030279
1777235778.457195,300128.000,49355,2,EA,1,100,0.030276
1777235778.523196,300194.000,49371,1,EA,1,100,0.030282
1777235778.590198,300261.000,49386,2,EA,1,100,0.030277
1777235778.657199,300328.000,49386,2,EA,1,100,0.030282
1777235778.723200,300394.000,49403,1,EA,1,100,0.030277
1777235778.790202,300461.000,49420,2,EA,1,100,0.030281
1777235778.857203,300528.000,49420,2,EA,1,100,0.030277
1777235778.923205,300594.000,49436,1,EA,1,100,0.030281
1777235778.990206,300661.000,49452,2,EA,1,100,0.030277
1777235779.057207,300728.000,49452,2,EA,1,100,0.030284
1777235779.123209,300794.000,49468,1,EA,1,100,0.030277
1777235779.189710,300860.500,49485,2,EA,1,100,0.030284
1777235779.256212,300927.000,49485,2,EA,1,100,0.030278
1777235779.323213,300994.000,49501,1,EA,1,100,0.030284
1777235779.389714,301060.500,49518,2,EA,1,100,0.030280
1777235779.456216,301127.000,49518,2,EA,1,100,0.030285
1777235779.523217,301194.000,49533,1,EA,1,100,0.030280
1777235779.589719,301260.500,49550,2,EA,1,100,0.030285
1777235779.656220,301327.000,49550,2,EA,1,100,0.030280
1777235779.723222,301394.000,49567,1,EA,1,100,0.030284
1777235779.789723,301460.500,49583,2,EA,1,100,0.030280
1777235779.856224,301527.000,49583,2,EA,1,100,0.030286
1777235779.923226,301594.000,49598,2,EA,1,100,0.030280
1777235779.990227,301661.000,49598,2,EA,1,100,0.030286
1777235780.056229,301727.000,49616,1,EA,1,100,0.030279
1777235780.123230,301794.000,49634,2,EA,1,100,0.030282
1777235780.190231,301861.000,49634,2,EA,1,100,0.030278
1777235780.256233,301927.000,49651,1,EA,1,100,0.030283
1777235780.323234,301994.000,49666,2,EA,1,100,0.030278
1777235780.390236,302061.000,49666,2,EA,1,100,0.030285
1777235780.456237,302127.000,49683,1,EA,1,100,0.030278
1777235780.523238,302194.000,49699,2,EA,1,100,0.030283
1777235780.590240,302261.000,49699,2,EA,1,100,0.030278
1777235780.656241,302327.000,49716,1,EA,1,100,0.030283
1777235780.723243,302394.000,49731,2,EA,1,100,0.030278
1777235780.790244,302461.000,49731,2,EA,1,100,0.030283
1777235780.856246,302527.000,49748,1,EA,1,100,0.030279
1777235780.923247,302594.000,49764,2,EA,1,100,0.030283
1777235780.990248,302661.000,49764,2,EA,1,100,0.030278
1777235781.056250,302727.000,49782,1,EA,1,100,0.030282
1777235781.123251,302794.000,49796,2,EA,1,100,0.030278
1777235781.190253,302861.000,49796,2,EA,1,100,0.030284
1777235781.256254,302927.000,49813,1,EA,1,100,0.030278
1777235781.323255,302994.000,49832,2,EA,1,100,0.030283
1777235781.390257,303061.000,49832,2,EA,1,100,0.030277
1777235781.456758,303127.500,49854,2,EA,1,100,0.030284
1777235781.523260,303194.000,49854,2,EA,1,100,0.030280
1777235781.589761,303260.500,49870,2,EA,1,100,0.030283
1777235781.656262,303327.000,49870,2,EA,1,100,0.030279
1777235781.723264,303394.000,49888,1,EA,1,100,0.030285
1777235781.789765,303460.500,49902,2,EA,1,100,0.030280
1777235781.856267,303527.000,49902,2,EA,1,100,0.030284
1777235781.923268,303594.000,49919,1,EA,1,100,0.030278
1777235781.989769,303660.500,49936,2,EA,1,100,0.030284
1777235782.056271,303727.000,49936,2,EA,1,100,0.030278
1777235782.123272,303794.000,49953,1,EA,1,100,0.030284
1777235782.189774,303860.500,49967,2,EA,1,100,0.030278
1777235782.256275,303927.000,49967,2,EA,1,100,0.030284
1777235782.323277,303994.000,49984,1,EA,1,100,0.030280
1777235782.389778,304060.500,50001,2,EA,1,100,0.030284
1777235782.456279,304127.000,50001,2,EA,1,100,0.030278
1777235782.523281,304194.000,50018,1,EA,1,100,0.030283
1777235782.589782,304260.500,50032,2,EA,1,100,0.030279
1777235782.656284,304327.000,50032,2,EA,1,100,0.030285
1777235782.723285,304394.000,50050,1,EA,1,100,0.030280
1777235782.789786,304460.500,50066,2,EA,1,100,0.030285
1777235782.856288,304527.000,50066,2,EA,1,100,0.030280
1777235782.923289,304594.000,50083,1,EA,1,100,0.030285
1777235782.989791,304660.500,50101,2,EA,1,100,0.030279
1777235783.056292,304727.000,50101,2,EA,1,100,0.030284
1777235783.123293,304794.000,50117,1,EA,1,100,0.030279
1777235783.189795,304860.500,50133,2,EA,1,100,0.030285
1777235783.256296,304927.000,50133,2,EA,1,100,0.030279
1777235783.323298,304994.000,50150,1,EA,1,100,0.030284
1777235783.389799,305060.500,50166,2,EA,1,100,0.030279
1777235783.456300,305127.000,50166,2,EA,1,100,0.030284
1777235783.522802,305193.500,50182,2,EA,1,100,0.030280
1777235783.589303,305260.000,50182,2,EA,1,100,0.030286
1777235783.656305,305327.000,50198,1,EA,1,100,0.030281
1777235783.722806,305393.500,50218,2,EA,1,100,0.030285
1777235783.789308,305460.000,50218,2,EA,1,100,0.030280
1777235783.856309,305527.000,50234,1,EA,1,100,0.030286
1777235783.922810,305593.500,50249,2,EA,1,100,0.030281
1777235783.989312,305660.000,50249,2,EA,1,100,0.030286
1777235784.056313,305727.000,50266,1,EA,1,100,0.030280
1777235784.122815,305793.500,50283,2,EA,1,100,0.030286
1777235784.189316,305860.000,50283,2,EA,1,100,0.030283
1777235784.256317,305927.000,50299,1,EA,1,100,0.030286
1777235784.322819,305993.500,50315,2,EA,1,100,0.030280
1777235784.389320,306060.000,50315,2,EA,1,100,0.030285
1777235784.456322,306127.000,50333,1,EA,1,100,0.030279
1777235784.522823,306193.500,50350,2,EA,1,100,0.030287
1777235784.589324,306260.000,50350,2,EA,1,100,0.030281
1777235784.656326,306327.000,50366,1,EA,1,100,0.030288
1777235784.722827,306393.500,50382,2,EA,1,100,0.030280
1777235784.789329,306460.000,50382,2,EA,1,100,0.030287
1777235784.856330,306527.000,50398,1,EA,1,100,0.030279
1777235784.922832,306593.500,50415,2,EA,1,100,0.030286
1777235784.989333,306660.000,50415,2,EA,1,100,0.030280
1777235785.056334,306727.000,50432,1,EA,1,100,0.030286
1777235785.122836,306793.500,50449,2,EA,1,100,0.030282
1777235785.189337,306860.000,50449,2,EA,1,100,0.030287
1777235785.256339,306927.000,50465,1,EA,1,100,0.030281
1777235785.322840,306993.500,50483,2,EA,1,100,0.030285
1777235785.389341,307060.000,50483,2,EA,1,100,0.030281
1777235785.456343,307127.000,50499,1,EA,1,100,0.030287
1777235785.522844,307193.500,50517,2,EA,1,100,0.030281
1777235785.589346,307260.000,50517,2,EA,1,100,0.030287
1777235785.655847,307326.500,50533,2,EA,1,100,0.030281
1777235785.722348,307393.000,50533,2,EA,1,100,0.030287
1777235785.789350,307460.000,50550,1,EA,1,100,0.030282
1777235785.855851,307526.500,50566,2,EA,1,100,0.030286
1777235785.922353,307593.000,50566,2,EA,1,100,0.030282
1777235785.989354,307660.000,50583,1,EA,1,100,0.030288
1777235786.056355,307727.000,50598,2,EA,1,100,0.030283
1777235786.123357,307794.000,50598,2,EA,1,100,0.030290
1777235786.189358,307860.000,50617,1,EA,1,100,0.030284
1777235786.255860,307926.500,50633,2,EA,1,100,0.030290
1777235786.322361,307993.000,50633,2,EA,1,100,0.030285
1777235786.389363,308060.000,50651,1,EA,1,100,0.030290
1777235786.455864,308126.500,50665,2,EA,1,100,0.030285
1777235786.522365,308193.000,50665,2,EA,1,100,0.030291
1777235786.589367,308260.000,50685,2,EA,1,100,0.030286
1777235786.656368,308327.000,50685,2,EA,1,100,0.030293
1777235786.722370,308393.000,50702,1,EA,1,100,0.030285
1777235786.789371,308460.000,50719,2,EA,1,100,0.030291
1777235786.856373,308527.000,50719,2,EA,1,100,0.030285
1777235786.922374,308593.000,50735,1,EA,1,100,0.030291
1777235786.989375,308660.000,50751,2,EA,1,100,0.030285
1777235787.056377,308727.000,50751,2,EA,1,100,0.030291
1777235787.122378,308793.000,50767,1,EA,1,100,0.030285
1777235787.189379,308860.000,50784,2,EA,1,100,0.030291
1777235787.256381,308927.000,50784,2,EA,1,100,0.030284
1777235787.322382,308993.000,50800,1,EA,1,100,0.030290
1777235787.389384,309060.000,50817,2,EA,1,100,0.030285
1777235787.456385,309127.000,50817,2,EA,1,100,0.030291
1777235787.522387,309193.000,50832,1,EA,1,100,0.030284
1777235787.589388,309260.000,50849,2,EA,1,100,0.030291
1777235787.656389,309327.000,50849,2,EA,1,100,0.030284
1777235787.722891,309393.500,50866,2,EA,1,100,0.030290
1777235787.789392,309460.000,50866,2,EA,1,100,0.030285
1777235787.856394,309527.000,50883,1,EA,1,100,0.030291
1777235787.922895,309593.500,50897,2,EA,1,100,0.030285
1777235787.989397,309660.000,50897,2,EA,1,100,0.030291
1777235788.056398,309727.000,50915,1,EA,1,100,0.030285
1777235788.122899,309793.500,50931,2,EA,1,100,0.030292
1777235788.189401,309860.000,50931,2,EA,1,100,0.030286
1777235788.256402,309927.000,50948,1,EA,1,100,0.030291
1777235788.322904,309993.500,50963,2,EA,1,100,0.030285
1777235788.389405,310060.000,50963,2,EA,1,100,0.030293
1777235788.456406,310127.000,50980,1,EA,1,100,0.030285
1777235788.522908,310193.500,50998,2,EA,1,100,0.030292
1777235788.589409,310260.000,50998,2,EA,1,100,0.030286
1777235788.656411,310327.000,51015,1,EA,1,100,0.030292
1777235788.722912,310393.500,51030,2,EA,1,100,0.030286
1777235788.789413,310460.000,51030,2,EA,1,100,0.030294
1777235788.856415,310527.000,51047,1,EA,1,100,0.030285
1777235788.922916,310593.500,51063,2,EA,1,100,0.030294
1777235788.989418,310660.000,51063,2,EA,1,100,0.030286
1777235789.055419,310726.000,51081,1,EA,1,100,0.030291
1777235789.122421,310793.000,51095,2,EA,1,100,0.030287
1777235789.189422,310860.000,51095,2,EA,1,100,0.030292
1777235789.255423,310926.000,51112,1,EA,1,100,0.030286
1777235789.322425,310993.000,51129,2,EA,1,100,0.030292
1777235789.389426,311060.000,51129,2,EA,1,100,0.030287
1777235789.455428,311126.000,51146,1,EA,1,100,0.030293
1777235789.522429,311193.000,51161,2,EA,1,100,0.030287
1777235789.589430,311260.000,51161,2,EA,1,100,0.030292
1777235789.655432,311326.000,51177,1,EA,1,100,0.030286
1777235789.722433,311393.000,51194,2,EA,1,100,0.030293
1777235789.789435,311460.000,51194,2,EA,1,100,0.030286
1777235789.855936,311526.500,51211,2,EA,1,100,0.030293
1777235789.922437,311593.000,51211,2,EA,1,100,0.030286
1777235789.989439,311660.000,51227,1,EA,1,100,0.030293
1777235790.055940,311726.500,51245,2,EA,1,100,0.030286
1777235790.122442,311793.000,51245,2,EA,1,100,0.030292
1777235790.189443,311860.000,51261,1,EA,1,100,0.030286
1777235790.255944,311926.500,51280,2,EA,1,100,0.030293
1777235790.322446,311993.000,51280,2,EA,1,100,0.030287
1777235790.389447,312060.000,51297,1,EA,1,100,0.030293
1777235790.455949,312126.500,51312,2,EA,1,100,0.030286
1777235790.522450,312193.000,51312,2,EA,1,100,0.030290
1777235790.589452,312260.000,51328,1,EA,1,100,0.030284
1777235790.655953,312326.500,51346,2,EA,1,100,0.030291
1777235790.722454,312393.000,51346,2,EA,1,100,0.030285
1777235790.789456,312460.000,51362,1,EA,1,100,0.030291
1777235790.855957,312526.500,51377,2,EA,1,100,0.030286
1777235790.922459,312593.000,51377,2,EA,1,100,0.030292
1777235790.989460,312660.000,51393,1,EA,1,100,0.030287
1777235791.055961,312726.500,51411,2,EA,1,100,0.030294
1777235791.122463,312793.000,51411,2,EA,1,100,0.030285
1777235791.189464,312860.000,51429,1,EA,1,100,0.030291
1777235791.255966,312926.500,51444,2,EA,1,100,0.030286
1777235791.322467,312993.000,51444,2,EA,1,100,0.030292
1777235791.389468,313060.000,51461,1,EA,1,100,0.030286
1777235791.455970,313126.500,51478,2,EA,1,100,0.030294
1777235791.522471,313193.000,51478,2,EA,1,100,0.030287
1777235791.589473,313260.000,51494,1,EA,1,100,0.030292
1777235791.656141,313326.667,51518,3,EA,1,100,0.030287
1777235791.722809,313393.333,51518,3,EA,1,100,0.030292
1777235791.789477,313460.000,51518,3,EA,1,100,0.030286
1777235791.855478,313526.000,51534,1,EA,1,100,0.030292
1777235791.922480,313593.000,51549,2,EA,1,100,0.030287
1777235791.989481,313660.000,51549,2,EA,1,100,0.030293
1777235792.055483,313726.000,51566,1,EA,1,100,0.030285
1777235792.121984,313792.500,51585,2,EA,1,100,0.030292
1777235792.188485,313859.000,51585,2,EA,1,100,0.030284
1777235792.255487,313926.000,51601,1,EA,1,100,0.030292
1777235792.321988,313992.500,51617,2,EA,1,100,0.030284
1777235792.388490,314059.000,51617,2,EA,1,100,0.030291
1777235792.455491,314126.000,51633,1,EA,1,100,0.030282
1777235792.521992,314192.500,51650,2,EA,1,100,0.030288
1777235792.588494,314259.000,51650,2,EA,1,100,0.030286
1777235792.655495,314326.000,51666,1,EA,1,100,0.030288
1777235792.721997,314392.500,51682,2,EA,1,100,0.030281
1777235792.788498,314459.000,51682,2,EA,1,100,0.030286
1777235792.855500,314526.000,51698,1,EA,1,100,0.030281
1777235792.922001,314592.500,51715,2,EA,1,100,0.030288
1777235792.988502,314659.000,51715,2,EA,1,100,0.030285
1777235793.055504,314726.000,51732,1,EA,1,100,0.030291
1777235793.122005,314792.500,51748,2,EA,1,100,0.030283
1777235793.188507,314859.000,51748,2,EA,1,100,0.030289
1777235793.255508,314926.000,51763,1,EA,1,100,0.030284
1777235793.322009,314992.500,51781,2,EA,1,100,0.030289
1777235793.388511,315059.000,51781,2,EA,1,100,0.030282
1777235793.455512,315126.000,51797,2,EA,1,100,0.030285
1777235793.522514,315193.000,51797,2,EA,1,100,0.030283
1777235793.588515,315259.000,51814,1,EA,1,100,0.030285
1777235793.655516,315326.000,51829,2,EA,1,100,0.030283
1777235793.722518,315393.000,51829,2,EA,1,100,0.030294
1777235793.788519,315459.000,51846,1,EA,1,100,0.030285
1777235793.855521,315526.000,51862,2,EA,1,100,0.030290
1777235793.922522,315593.000,51862,2,EA,1,100,0.030285
1777235793.988523,315659.000,51881,1,EA,1,100,0.030293
1777235794.055525,315726.000,51896,2,EA,1,100,0.030286
1777235794.122526,315793.000,51896,2,EA,1,100,0.030290
1777235794.188528,315859.000,51913,1,EA,1,100,0.030284
1777235794.255529,315926.000,51929,2,EA,1,100,0.030291
1777235794.322531,315993.000,51929,2,EA,1,100,0.030284
1777235794.388532,316059.000,51947,1,EA,1,100,0.030293
1777235794.455534,316126.000,51961,2,EA,1,100,0.030288
1777235794.522535,316193.000,51961,2,EA,1,100,0.030293
1777235794.588536,316259.000,51978,1,EA,1,100,0.030285
1777235794.655538,316326.000,51997,2,EA,1,100,0.030293
1777235794.722539,316393.000,51997,2,EA,1,100,0.030288
1777235794.788540,316459.000,52014,1,EA,1,100,0.030293
1777235794.855542,316526.000,52028,2,EA,1,100,0.030286
1777235794.922543,316593.000,52028,2,EA,1,100,0.030290
1777235794.988545,316659.000,52045,1,EA,1,100,0.030285
1777235795.055546,316726.000,52064,2,EA,1,100,0.030291
1777235795.122548,316793.000,52064,2,EA,1,100,0.030287
1777235795.188549,316859.000,52081,1,EA,1,100,0.030294
1777235795.255550,316926.000,52096,2,EA,1,100,0.030286
1777235795.322552,316993.000,52096,2,EA,1,100,0.030293
1777235795.388553,317059.000,52115,1,EA,1,100,0.030288
1777235795.455554,317126.000,52131,2,EA,1,100,0.030297
1777235795.522556,317193.000,52131,2,EA,1,100,0.030290
1777235795.589057,317259.500,52148,2,EA,1,100,0.030297
1777235795.655559,317326.000,52148,2,EA,1,100,0.030288
1777235795.721560,317392.000,52165,1,EA,1,100,0.030297
1777235795.788562,317459.000,52180,2,EA,1,100,0.030290
1777235795.855563,317526.000,52180,2,EA,1,100,0.030295
1777235795.921564,317592.000,52196,1,EA,1,100,0.030290
1777235795.988566,317659.000,52214,2,EA,1,100,0.030295
1777235796.055567,317726.000,52214,2,EA,1,100,0.030287
1777235796.121569,317792.000,52230,1,EA,1,100,0.030295
1777235796.188570,317859.000,52247,2,EA,1,100,0.030291
1777235796.255572,317926.000,52247,2,EA,1,100,0.030301
1777235796.321573,317992.000,52263,1,EA,1,100,0.030291
1777235796.388574,318059.000,52281,2,EA,1,100,0.030295
1777235796.455576,318126.000,52281,2,EA,1,100,0.030290
1777235796.521577,318192.000,52297,1,EA,1,100,0.030297
1777235796.588578,318259.000,52312,2,EA,1,100,0.030291
1777235796.655580,318326.000,52312,2,EA,1,100,0.030298
1777235796.721581,318392.000,52329,1,EA,1,100,0.030292
1777235796.788583,318459.000,52351,2,EA,1,100,0.030298
1777235796.855584,318526.000,52351,2,EA,1,100,0.030289
1777235796.922086,318592.500,52369,2,EA,1,100,0.030300
1777235796.988587,318659.000,52369,2,EA,1,100,0.030293
1777235797.055588,318726.000,52387,1,EA,1,100,0.030299
1777235797.122090,318792.500,52402,2,EA,1,100,0.030290
1777235797.188591,318859.000,52402,2,EA,1,100,0.030298
1777235797.255593,318926.000,52418,1,EA,1,100,0.030291
1777235797.322094,318992.500,52435,2,EA,1,100,0.030298
1777235797.388596,319059.000,52435,2,EA,1,100,0.030291
1777235797.455597,319126.000,52452,1,EA,1,100,0.030299
1777235797.522098,319192.500,52467,2,EA,1,100,0.030293
1777235797.588600,319259.000,52467,2,EA,1,100,0.030299
1777235797.655101,319325.500,52486,2,EA,1,100,0.030293
1777235797.721602,319392.000,52486,2,EA,1,100,0.030304
1777235797.788604,319459.000,52502,1,EA,1,100,0.030293
1777235797.855105,319525.500,52519,2,EA,1,100,0.030301
1777235797.921607,319592.000,52519,2,EA,1,100,0.030292
1777235797.988608,319659.000,52535,1,EA,1,100,0.030300
1777235798.055110,319725.500,52551,2,EA,1,100,0.030292
1777235798.121611,319792.000,52551,2,EA,1,100,0.030301
1777235798.188612,319859.000,52567,1,EA,1,100,0.030293
1777235798.255114,319925.500,52584,2,EA,1,100,0.030300
1777235798.321615,319992.000,52584,2,EA,1,100,0.030293
1777235798.388617,320059.000,52601,1,EA,1,100,0.030298
1777235798.455118,320125.500,52618,2,EA,1,100,0.030292
1777235798.521620,320192.000,52618,2,EA,1,100,0.030305
1777235798.588621,320259.000,52634,1,EA,1,100,0.030294
1777235798.655122,320325.500,52652,2,EA,1,100,0.030300
1777235798.721624,320392.000,52652,2,EA,1,100,0.030293
1777235798.788625,320459.000,52668,1,EA,1,100,0.030299
1777235798.855127,320525.500,52683,2,EA,1,100,0.030293
1777235798.921628,320592.000,52683,2,EA,1,100,0.030302
1777235798.988629,320659.000,52699,1,EA,1,100,0.030293
1777235799.055131,320725.500,52719,2,EA,1,100,0.030305
1777235799.121632,320792.000,52719,2,EA,1,100,0.030296
1777235799.188634,320859.000,52735,1,EA,1,100,0.030304
1777235799.255135,320925.500,52750,2,EA,1,100,0.030295
1777235799.321636,320992.000,52750,2,EA,1,100,0.030307
1777235799.388638,321059.000,52767,1,EA,1,100,0.030297
1777235799.455139,321125.500,52784,2,EA,1,100,0.030305
1777235799.521641,321192.000,52784,2,EA,1,100,0.030296
1777235799.588642,321259.000,52800,1,EA,1,100,0.030304
1777235799.655143,321325.500,52817,2,EA,1,100,0.030297
1777235799.721645,321392.000,52817,2,EA,1,100,0.030304
1777235799.788646,321459.000,52832,1,EA,1,100,0.030295
1777235799.855148,321525.500,52849,2,EA,1,100,0.030306
1777235799.921649,321592.000,52849,2,EA,1,100,0.030297
1777235799.988151,321658.500,52866,2,EA,1,100,0.030306
1777235800.054652,321725.000,52866,2,EA,1,100,0.030300
1777235800.121653,321792.000,52885,1,EA,1,100,0.030305
1777235800.188155,321858.500,52899,2,EA,1,100,0.030297
1777235800.254656,321925.000,52899,2,EA,1,100,0.030307
1777235800.321658,321992.000,52916,1,EA,1,100,0.030296
1777235800.388159,322058.500,52933,2,EA,1,100,0.030305
1777235800.454660,322125.000,52933,2,EA,1,100,0.030299
1777235800.521662,322192.000,52950,1,EA,1,100,0.030306
1777235800.588163,322258.500,52964,2,EA,1,100,0.030298
1777235800.654665,322325.000,52964,2,EA,1,100,0.030309
1777235800.721666,322392.000,52984,1,EA,1,100,0.030297
1777235800.788167,322458.500,53000,2,EA,1,100,0.030306
1777235800.854669,322525.000,53000,2,EA,1,100,0.030300
1777235800.921670,322592.000,53017,1,EA,1,100,0.030309
1777235800.988172,322658.500,53032,2,EA,1,100,0.030301
1777235801.054673,322725.000,53032,2,EA,1,100,0.030311
1777235801.121675,322792.000,53049,1,EA,1,100,0.030300
1777235801.188176,322858.500,53065,2,EA,1,100,0.030310
1777235801.254677,322925.000,53065,2,EA,1,100,0.030302
1777235801.321679,322992.000,53082,1,EA,1,100,0.030311
1777235801.388180,323058.500,53097,2,EA,1,100,0.030301
1777235801.454682,323125.000,53097,2,EA,1,100,0.030312
1777235801.521683,323192.000,53114,1,EA,1,100,0.030302
1777235801.588184,323258.500,53130,2,EA,1,100,0.030311
1777235801.654686,323325.000,53130,2,EA,1,100,0.030302
1777235801.721687,323392.000,53148,1,EA,1,100,0.030311
1777235801.788189,323458.500,53163,2,EA,1,100,0.030305
1777235801.854690,323525.000,53163,2,EA,1,100,0.030311
1777235801.921191,323591.500,53182,2,EA,1,100,0.030303
1777235801.987693,323658.000,53182,2,EA,1,100,0.030312
1777235802.054694,323725.000,53199,2,EA,1,100,0.030302
1777235802.121696,323792.000,53199,2,EA,1,100,0.030317
1777235802.188697,323859.000,53216,1,EA,1,100,0.030303
1777235802.255198,323925.500,53232,2,EA,1,100,0.030310
1777235802.321700,323992.000,53232,2,EA,1,100,0.030304
1777235802.387701,324058.000,53250,1,EA,1,100,0.030313
1777235802.454703,324125.000,53264,2,EA,1,100,0.030303
1777235802.521704,324192.000,53264,2,EA,1,100,0.030316
1777235802.587706,324258.000,53281,1,EA,1,100,0.030303
1777235802.654707,324325.000,53298,2,EA,1,100,0.030315
1777235802.721709,324392.000,53298,2,EA,1,100,0.030305
1777235802.787710,324458.000,53315,1,EA,1,100,0.030315
1777235802.854711,324525.000,53329,2,EA,1,100,0.030304
1777235802.921713,324592.000,53329,2,EA,1,100,0.030316
1777235802.987714,324658.000,53346,1,EA,1,100,0.030305
1777235803.054715,324725.000,53363,2,EA,1,100,0.030317
1777235803.121717,324792.000,53363,2,EA,1,100,0.030306
1777235803.187718,324858.000,53380,1,EA,1,100,0.030316
1777235803.254720,324925.000,53394,2,EA,1,100,0.030307
1777235803.321721,324992.000,53394,2,EA,1,100,0.030318
1777235803.387722,325058.000,53412,1,EA,1,100,0.030307
1777235803.454724,325125.000,53428,2,EA,1,100,0.030321
1777235803.521725,325192.000,53428,2,EA,1,100,0.030311
1777235803.587727,325258.000,53445,1,EA,1,100,0.030319
1777235803.654728,325325.000,53460,2,EA,1,100,0.030308
1777235803.721730,325392.000,53460,2,EA,1,100,0.030316
1777235803.787731,325458.000,53477,1,EA,1,100,0.030307
1777235803.854733,325525.000,53493,2,EA,1,100,0.030320
1777235803.921734,325592.000,53493,2,EA,1,100,0.030309
1777235803.987735,325658.000,53510,1,EA,1,100,0.030320
1777235804.054737,325725.000,53526,2,EA,1,100,0.030314
1777235804.121738,325792.000,53526,2,EA,1,100,0.030321
1777235804.188240,325858.500,53542,2,EA,1,100,0.030308
1777235804.254741,325925.000,53542,2,EA,1,100,0.030321
1777235804.321742,325992.000,53558,1,EA,1,100,0.030310
1777235804.388244,326058.500,53576,2,EA,1,100,0.030324
1777235804.454745,326125.000,53576,2,EA,1,100,0.030313
1777235804.521747,326192.000,53592,1,EA,1,100,0.030323
1777235804.588248,326258.500,53607,2,EA,1,100,0.030312
1777235804.654749,326325.000,53607,2,EA,1,100,0.030325
1777235804.721751,326392.000,53624,1,EA,1,100,0.030312
1777235804.788252,326458.500,53641,2,EA,1,100,0.030322
1777235804.854753,326525.000,53641,2,EA,1,100,0.030316
