LocalTimestamp,EmotiBitTimestamp,PacketNumber,DataLength,TypeTag,ProtocolVersion,DataReliability,AY
1777235661.267714,182941.000,29228,3,AY,1,100,-0.375
1777235661.267714,182941.000,29228,3,AY,1,100,-0.376
1777235661.267714,182941.000,29228,3,AY,1,100,-0.376
1777235661.307714,182981.000,29244,2,AY,1,100,-0.375
1777235661.347715,183021.000,29244,2,AY,1,100,-0.374
1777235661.387716,183061.000,29262,3,AY,1,100,-0.378
1777235661.427717,183101.000,29262,3,AY,1,100,-0.376
1777235661.467718,183141.000,29262,3,AY,1,100,-0.375
1777235661.503052,183176.333,29280,3,AY,1,100,-0.377
1777235661.538386,183211.667,29280,3,AY,1,100,-0.377
1777235661.573720,183247.000,29280,3,AY,1,100,-0.375
1777235661.613721,183287.000,29297,2,AY,1,100,-0.378
1777235661.653722,183327.000,29297,2,AY,1,100,-0.378
1777235661.693722,183367.000,29314,3,AY,1,100,-0.375
1777235661.733723,183407.000,29314,3,AY,1,100,-0.379
1777235661.773724,183447.000,29314,3,AY,1,100,-0.375
1777235661.813725,183487.000,29331,2,AY,1,100,-0.379
1777235661.853726,183527.000,29331,2,AY,1,100,-0.373
1777235661.893727,183567.000,29349,3,AY,1,100,-0.377
1777235661.933728,183607.000,29349,3,AY,1,100,-0.377
1777235661.973728,183647.000,29349,3,AY,1,100,-0.377
1777235662.013729,183687.000,29367,2,AY,1,100,-0.376
1777235662.053730,183727.000,29367,2,AY,1,100,-0.379
1777235662.093731,183767.000,29383,3,AY,1,100,-0.373
1777235662.133732,183807.000,29383,3,AY,1,100,-0.376
1777235662.173733,183847.000,29383,3,AY,1,100,-0.374
1777235662.213733,183887.000,29400,3,AY,1,100,-0.376
1777235662.253734,183927.000,29400,3,AY,1,100,-0.376
1777235662.293735,183967.000,29400,3,AY,1,100,-0.375
1777235662.333736,184007.000,29418,2,AY,1,100,-0.370
1777235662.373737,184047.000,29418,2,AY,1,100,-0.376
1777235662.413404,184086.667,29436,3,AY,1,100,-0.366
1777235662.453072,184126.333,29436,3,AY,1,100,-0.403
1777235662.492739,184166.000,29436,3,AY,1,100,-0.363
1777235662.533240,184206.500,29453,2,AY,1,100,-0.370
1777235662.573741,184247.000,29453,2,AY,1,100,-0.369
1777235662.613409,184286.667,29469,3,AY,1,100,-0.372
1777235662.653076,184326.333,29469,3,AY,1,100,-0.384
1777235662.692744,184366.000,29469,3,AY,1,100,-0.375
1777235662.732744,184406.000,29488,2,AY,1,100,-0.390
1777235662.772745,184446.000,29488,2,AY,1,100,-0.376
1777235662.812746,184486.000,29505,3,AY,1,100,-0.386
1777235662.852747,184526.000,29505,3,AY,1,100,-0.381
1777235662.892748,184566.000,29505,3,AY,1,100,-0.359
1777235662.932749,184606.000,29523,2,AY,1,100,-0.367
1777235662.972749,184646.000,29523,2,AY,1,100,-0.371
1777235663.012750,184686.000,29539,3,AY,1,100,-0.377
1777235663.052751,184726.000,29539,3,AY,1,100,-0.354
1777235663.092752,184766.000,29539,3,AY,1,100,-0.371
1777235663.132753,184806.000,29557,2,AY,1,100,-0.368
1777235663.172754,184846.000,29557,2,AY,1,100,-0.385
1777235663.212755,184886.000,29574,3,AY,1,100,-0.363
1777235663.252755,184926.000,29574,3,AY,1,100,-0.363
1777235663.292756,184966.000,29574,3,AY,1,100,-0.371
1777235663.333257,185006.500,29593,2,AY,1,100,-0.377
1777235663.373758,185047.000,29593,2,AY,1,100,-0.382
1777235663.413426,185086.667,29608,3,AY,1,100,-0.371
1777235663.453093,185126.333,29608,3,AY,1,100,-0.362
1777235663.492761,185166.000,29608,3,AY,1,100,-0.390
1777235663.532761,185206.000,29626,3,AY,1,100,-0.366
1777235663.572762,185246.000,29626,3,AY,1,100,-0.390
1777235663.612763,185286.000,29626,3,AY,1,100,-0.368
1777235663.652764,185326.000,29643,2,AY,1,100,-0.367
1777235663.692765,185366.000,29643,2,AY,1,100,-0.378
1777235663.728765,185402.000,29667,3,AY,1,100,-0.365
1777235663.764766,185438.000,29667,3,AY,1,100,-0.372
1777235663.800767,185474.000,29667,3,AY,1,100,-0.371
1777235663.840768,185514.000,29682,2,AY,1,100,-0.377
1777235663.880769,185554.000,29682,2,AY,1,100,-0.375
1777235663.920770,185594.000,29702,3,AY,1,100,-0.378
1777235663.960771,185634.000,29702,3,AY,1,100,-0.382
1777235664.000771,185674.000,29702,3,AY,1,100,-0.373
1777235664.040772,185714.000,29720,3,AY,1,100,-0.385
1777235664.080773,185754.000,29720,3,AY,1,100,-0.376
1777235664.120774,185794.000,29720,3,AY,1,100,-0.376
1777235664.160775,185834.000,29738,2,AY,1,100,-0.377
1777235664.200776,185874.000,29738,2,AY,1,100,-0.363
1777235664.240776,185914.000,29754,3,AY,1,100,-0.375
1777235664.280777,185954.000,29754,3,AY,1,100,-0.385
1777235664.320778,185994.000,29754,3,AY,1,100,-0.374
1777235664.360779,186034.000,29774,2,AY,1,100,-0.375
1777235664.400780,186074.000,29774,2,AY,1,100,-0.376
1777235664.440781,186114.000,29791,3,AY,1,100,-0.375
1777235664.480782,186154.000,29791,3,AY,1,100,-0.379
1777235664.520782,186194.000,29791,3,AY,1,100,-0.382
1777235664.560783,186234.000,29809,2,AY,1,100,-0.380
1777235664.600784,186274.000,29809,2,AY,1,100,-0.381
1777235664.640785,186314.000,29827,3,AY,1,100,-0.375
1777235664.680786,186354.000,29827,3,AY,1,100,-0.382
1777235664.720787,186394.000,29827,3,AY,1,100,-0.379
1777235664.760787,186434.000,29843,2,AY,1,100,-0.378
1777235664.800788,186474.000,29843,2,AY,1,100,-0.387
1777235664.840789,186514.000,29862,3,AY,1,100,-0.378
1777235664.880790,186554.000,29862,3,AY,1,100,-0.377
1777235664.920791,186594.000,29862,3,AY,1,100,-0.374
1777235664.960792,186634.000,29880,2,AY,1,100,-0.380
1777235665.000793,186674.000,29880,2,AY,1,100,-0.380
1777235665.040793,186714.000,29900,3,AY,1,100,-0.375
1777235665.080794,186754.000,29900,3,AY,1,100,-0.379
1777235665.120795,186794.000,29900,3,AY,1,100,-0.384
1777235665.160796,186834.000,29916,3,AY,1,100,-0.375
1777235665.200797,186874.000,29916,3,AY,1,100,-0.388
1777235665.240798,186914.000,29916,3,AY,1,100,-0.364
1777235665.280798,186954.000,29935,2,AY,1,100,-0.393
1777235665.320799,186994.000,29935,2,AY,1,100,-0.360
1777235665.360467,187033.667,29954,3,AY,1,100,-0.372
1777235665.400134,187073.333,29954,3,AY,1,100,-0.373
1777235665.439802,187113.000,29954,3,AY,1,100,-0.382
1777235665.479803,187153.000,29971,2,AY,1,100,-0.368
1777235665.519804,187193.000,29971,2,AY,1,100,-0.369
1777235665.559804,187233.000,29987,3,AY,1,100,-0.375
1777235665.599805,187273.000,29987,3,AY,1,100,-0.365
1777235665.639806,187313.000,29987,3,AY,1,100,-0.374
1777235665.679807,187353.000,30005,2,AY,1,100,-0.363
1777235665.719808,187393.000,30005,2,AY,1,100,-0.368
1777235665.759809,187433.000,30023,3,AY,1,100,-0.366
1777235665.799809,187473.000,30023,3,AY,1,100,-0.365
1777235665.839810,187513.000,30023,3,AY,1,100,-0.360
1777235665.879811,187553.000,30040,2,AY,1,100,-0.362
1777235665.919812,187593.000,30040,2,AY,1,100,-0.360
1777235665.959813,187633.000,30056,3,AY,1,100,-0.357
1777235665.999814,187673.000,30056,3,AY,1,100,-0.369
1777235666.039814,187713.000,30056,3,AY,1,100,-0.360
1777235666.079815,187753.000,30074,2,AY,1,100,-0.363
1777235666.119816,187793.000,30074,2,AY,1,100,-0.362
1777235666.155150,187828.333,30092,3,AY,1,100,-0.365
1777235666.190484,187863.667,30092,3,AY,1,100,-0.366
1777235666.225818,187899.000,30092,3,AY,1,100,-0.334
1777235666.265819,187939.000,30109,3,AY,1,100,-0.372
1777235666.305820,187979.000,30109,3,AY,1,100,-0.366
1777235666.345821,188019.000,30109,3,AY,1,100,-0.387
1777235666.385822,188059.000,30127,2,AY,1,100,-0.355
1777235666.425823,188099.000,30127,2,AY,1,100,-0.359
1777235666.465823,188139.000,30143,3,AY,1,100,-0.277
1777235666.505824,188179.000,30143,3,AY,1,100,-0.379
1777235666.545825,188219.000,30143,3,AY,1,100,-0.393
1777235666.585826,188259.000,30161,2,AY,1,100,-0.388
1777235666.625827,188299.000,30161,2,AY,1,100,-0.404
1777235666.665828,188339.000,30179,3,AY,1,100,-0.376
1777235666.705829,188379.000,30179,3,AY,1,100,-0.428
1777235666.745829,188419.000,30179,3,AY,1,100,-0.403
1777235666.785830,188459.000,30198,2,AY,1,100,-0.435
1777235666.825831,188499.000,30198,2,AY,1,100,-0.404
1777235666.865832,188539.000,30214,3,AY,1,100,-0.435
1777235666.905833,188579.000,30214,3,AY,1,100,-0.440
1777235666.945834,188619.000,30214,3,AY,1,100,-0.468
1777235666.986168,188659.333,30233,3,AY,1,100,-0.476
1777235667.026502,188699.667,30233,3,AY,1,100,-0.468
1777235667.066836,188740.000,30233,3,AY,1,100,-0.433
1777235667.106337,188779.500,30250,2,AY,1,100,-0.410
1777235667.145838,188819.000,30250,2,AY,1,100,-0.369
1777235667.185839,188859.000,30268,3,AY,1,100,-0.418
1777235667.225840,188899.000,30268,3,AY,1,100,-0.415
1777235667.265841,188939.000,30268,3,AY,1,100,-0.425
1777235667.305841,188979.000,30283,2,AY,1,100,-0.394
1777235667.345842,189019.000,30283,2,AY,1,100,-0.411
1777235667.385843,189059.000,30302,3,AY,1,100,-0.407
1777235667.425844,189099.000,30302,3,AY,1,100,-0.405
1777235667.465845,189139.000,30302,3,AY,1,100,-0.399
1777235667.505846,189179.000,30319,2,AY,1,100,-0.395
1777235667.545846,189219.000,30319,2,AY,1,100,-0.416
1777235667.585847,189259.000,30337,3,AY,1,100,-0.403
1777235667.625848,189299.000,30337,3,AY,1,100,-0.400
1777235667.665849,189339.000,30337,3,AY,1,100,-0.404
1777235667.705850,189379.000,30353,2,AY,1,100,-0.404
1777235667.745851,189419.000,30353,2,AY,1,100,-0.384
1777235667.785851,189459.000,30371,3,AY,1,100,-0.428
1777235667.825852,189499.000,30371,3,AY,1,100,-0.388
1777235667.865853,189539.000,30371,3,AY,1,100,-0.413
1777235667.905854,189579.000,30390,3,AY,1,100,-0.403
1777235667.945855,189619.000,30390,3,AY,1,100,-0.402
1777235667.985856,189659.000,30390,3,AY,1,100,-0.414
1777235668.025856,189699.000,30409,2,AY,1,100,-0.403
1777235668.065857,189739.000,30409,2,AY,1,100,-0.415
1777235668.106358,189779.500,30424,2,AY,1,100,-0.409
1777235668.146859,189820.000,30424,2,AY,1,100,-0.428
1777235668.186860,189860.000,30442,3,AY,1,100,-0.402
1777235668.226861,189900.000,30442,3,AY,1,100,-0.413
1777235668.266862,189940.000,30442,3,AY,1,100,-0.408
1777235668.306863,189980.000,30459,3,AY,1,100,-0.409
1777235668.346863,190020.000,30459,3,AY,1,100,-0.407
1777235668.386864,190060.000,30459,3,AY,1,100,-0.407
1777235668.426865,190100.000,30478,2,AY,1,100,-0.407
1777235668.466866,190140.000,30478,2,AY,1,100,-0.408
1777235668.502200,190175.333,30494,3,AY,1,100,-0.414
1777235668.537534,190210.667,30494,3,AY,1,100,-0.401
1777235668.572868,190246.000,30494,3,AY,1,100,-0.413
1777235668.612869,190286.000,30511,3,AY,1,100,-0.407
1777235668.652870,190326.000,30511,3,AY,1,100,-0.405
1777235668.692871,190366.000,30511,3,AY,1,100,-0.428
1777235668.732872,190406.000,30529,2,AY,1,100,-0.421
1777235668.772872,190446.000,30529,2,AY,1,100,-0.402
1777235668.812873,190486.000,30552,3,AY,1,100,-0.426
1777235668.852874,190526.000,30552,3,AY,1,100,-0.396
1777235668.892875,190566.000,30552,3,AY,1,100,-0.408
1777235668.932876,190606.000,30569,3,AY,1,100,-0.411
1777235668.972877,190646.000,30569,3,AY,1,100,-0.430
1777235669.012877,190686.000,30569,3,AY,1,100,-0.411
1777235669.052878,190726.000,30587,2,AY,1,100,-0.417
1777235669.092879,190766.000,30587,2,AY,1,100,-0.412
1777235669.132880,190806.000,30603,3,AY,1,100,-0.429
1777235669.172881,190846.000,30603,3,AY,1,100,-0.411
1777235669.212882,190886.000,30603,3,AY,1,100,-0.422
1777235669.252882,190926.000,30621,2,AY,1,100,-0.419
1777235669.292883,190966.000,30621,2,AY,1,100,-0.415
1777235669.332884,191006.000,30639,3,AY,1,100,-0.425
1777235669.372885,191046.000,30639,3,AY,1,100,-0.411
1777235669.412886,191086.000,30639,3,AY,1,100,-0.426
1777235669.452887,191126.000,30656,2,AY,1,100,-0.408
1777235669.492888,191166.000,30656,2,AY,1,100,-0.425
1777235669.532888,191206.000,30672,3,AY,1,100,-0.412
1777235669.572889,191246.000,30672,3,AY,1,100,-0.428
1777235669.612890,191286.000,30672,3,AY,1,100,-0.418
1777235669.652891,191326.000,30691,3,AY,1,100,-0.405
1777235669.692892,191366.000,30691,3,AY,1,100,-0.408
1777235669.732893,191406.000,30691,3,AY,1,100,-0.416
1777235669.772894,191446.000,30708,2,AY,1,100,-0.406
1777235669.812894,191486.000,30708,2,AY,1,100,-0.424
1777235669.852895,191526.000,30726,3,AY,1,100,-0.413
1777235669.892896,191566.000,30726,3,AY,1,100,-0.407
1777235669.932897,191606.000,30726,3,AY,1,100,-0.401
1777235669.972898,191646.000,30741,2,AY,1,100,-0.407
1777235670.012899,191686.000,30741,2,AY,1,100,-0.410
1777235670.052899,191726.000,30762,3,AY,1,100,-0.406
1777235670.092900,191766.000,30762,3,AY,1,100,-0.394
1777235670.132901,191806.000,30762,3,AY,1,100,-0.415
1777235670.172902,191846.000,30779,2,AY,1,100,-0.400
1777235670.212903,191886.000,30779,2,AY,1,100,-0.406
1777235670.252904,191926.000,30797,3,AY,1,100,-0.406
1777235670.292905,191966.000,30797,3,AY,1,100,-0.411
1777235670.332905,192006.000,30797,3,AY,1,100,-0.392
1777235670.372906,192046.000,30813,2,AY,1,100,-0.408
1777235670.412907,192086.000,30813,2,AY,1,100,-0.404
1777235670.452908,192126.000,30831,3,AY,1,100,-0.398
1777235670.492909,192166.000,30831,3,AY,1,100,-0.408
1777235670.532910,192206.000,30831,3,AY,1,100,-0.396
1777235670.572911,192246.000,30848,2,AY,1,100,-0.412
1777235670.612911,192286.000,30848,2,AY,1,100,-0.406
1777235670.652912,192326.000,30867,3,AY,1,100,-0.401
1777235670.692913,192366.000,30867,3,AY,1,100,-0.406
1777235670.732914,192406.000,30867,3,AY,1,100,-0.404
1777235670.772915,192446.000,30882,2,AY,1,100,-0.417
1777235670.812916,192486.000,30882,2,AY,1,100,-0.397
1777235670.848583,192521.667,30900,3,AY,1,100,-0.414
1777235670.884250,192557.333,30900,3,AY,1,100,-0.403
1777235670.919918,192593.000,30900,3,AY,1,100,-0.415
1777235670.959919,192633.000,30917,3,AY,1,100,-0.405
1777235670.999919,192673.000,30917,3,AY,1,100,-0.409
1777235671.039920,192713.000,30917,3,AY,1,100,-0.405
1777235671.079921,192753.000,30936,2,AY,1,100,-0.413
1777235671.119922,192793.000,30936,2,AY,1,100,-0.410
1777235671.159923,192833.000,30951,3,AY,1,100,-0.410
1777235671.199924,192873.000,30951,3,AY,1,100,-0.402
1777235671.239925,192913.000,30951,3,AY,1,100,-0.416
1777235671.279925,192953.000,30969,2,AY,1,100,-0.408
1777235671.319926,192993.000,30969,2,AY,1,100,-0.417
1777235671.359927,193033.000,30987,3,AY,1,100,-0.403
1777235671.399928,193073.000,30987,3,AY,1,100,-0.413
1777235671.439929,193113.000,30987,3,AY,1,100,-0.404
1777235671.479930,193153.000,31007,3,AY,1,100,-0.411
1777235671.519931,193193.000,31007,3,AY,1,100,-0.420
1777235671.559931,193233.000,31007,3,AY,1,100,-0.410
1777235671.599932,193273.000,31023,2,AY,1,100,-0.411
1777235671.639933,193313.000,31023,2,AY,1,100,-0.412
1777235671.679934,193353.000,31041,3,AY,1,100,-0.406
1777235671.719935,193393.000,31041,3,AY,1,100,-0.415
1777235671.759936,193433.000,31041,3,AY,1,100,-0.410
1777235671.799937,193473.000,31058,2,AY,1,100,-0.409
1777235671.839937,193513.000,31058,2,AY,1,100,-0.405
1777235671.879938,193553.000,31076,3,AY,1,100,-0.410
1777235671.919939,193593.000,31076,3,AY,1,100,-0.407
1777235671.959940,193633.000,31076,3,AY,1,100,-0.411
1777235671.999941,193673.000,31094,2,AY,1,100,-0.413
1777235672.039942,193713.000,31094,2,AY,1,100,-0.409
1777235672.079942,193753.000,31110,3,AY,1,100,-0.411
1777235672.119943,193793.000,31110,3,AY,1,100,-0.406
1777235672.159944,193833.000,31110,3,AY,1,100,-0.410
1777235672.199945,193873.000,31127,2,AY,1,100,-0.412
1777235672.239946,193913.000,31127,2,AY,1,100,-0.407
1777235672.279947,193953.000,31145,3,AY,1,100,-0.405
1777235672.319947,193993.000,31145,3,AY,1,100,-0.410
1777235672.359948,194033.000,31145,3,AY,1,100,-0.409
1777235672.399949,194073.000,31163,2,AY,1,100,-0.408
1777235672.439950,194113.000,31163,2,AY,1,100,-0.406
1777235672.479951,194153.000,31179,3,AY,1,100,-0.411
1777235672.519952,194193.000,31179,3,AY,1,100,-0.406
1777235672.559952,194233.000,31179,3,AY,1,100,-0.412
1777235672.599953,194273.000,31196,2,AY,1,100,-0.403
1777235672.639954,194313.000,31196,2,AY,1,100,-0.412
1777235672.679955,194353.000,31215,3,AY,1,100,-0.412
1777235672.719956,194393.000,31215,3,AY,1,100,-0.433
1777235672.759957,194433.000,31215,3,AY,1,100,-0.378
1777235672.799958,194473.000,31232,2,AY,1,100,-0.405
1777235672.839958,194513.000,31232,2,AY,1,100,-0.396
1777235672.879959,194553.000,31248,3,AY,1,100,-0.407
1777235672.919960,194593.000,31248,3,AY,1,100,-0.402
1777235672.959961,194633.000,31248,3,AY,1,100,-0.399
1777235672.999962,194673.000,31266,3,AY,1,100,-0.411
1777235673.039963,194713.000,31266,3,AY,1,100,-0.408
1777235673.079964,194753.000,31266,3,AY,1,100,-0.411
1777235673.119964,194793.000,31286,2,AY,1,100,-0.406
1777235673.159965,194833.000,31286,2,AY,1,100,-0.407
1777235673.195299,194868.333,31303,3,AY,1,100,-0.410
1777235673.230633,194903.667,31303,3,AY,1,100,-0.407
1777235673.265968,194939.000,31303,3,AY,1,100,-0.410
1777235673.305968,194979.000,31319,2,AY,1,100,-0.406
1777235673.345969,195019.000,31319,2,AY,1,100,-0.412
1777235673.385970,195059.000,31337,3,AY,1,100,-0.409
1777235673.425971,195099.000,31337,3,AY,1,100,-0.408
1777235673.465972,195139.000,31337,3,AY,1,100,-0.405
1777235673.505973,195179.000,31355,3,AY,1,100,-0.412
1777235673.545974,195219.000,31355,3,AY,1,100,-0.408
1777235673.585974,195259.000,31355,3,AY,1,100,-0.412
1777235673.625975,195299.000,31372,2,AY,1,100,-0.410
1777235673.665976,195339.000,31372,2,AY,1,100,-0.409
1777235673.705977,195379.000,31390,3,AY,1,100,-0.407
1777235673.745978,195419.000,31390,3,AY,1,100,-0.413
1777235673.785979,195459.000,31390,3,AY,1,100,-0.413
1777235673.825979,195499.000,31406,2,AY,1,100,-0.413
1777235673.865980,195539.000,31406,2,AY,1,100,-0.415
1777235673.905981,195579.000,31424,3,AY,1,100,-0.420
1777235673.945982,195619.000,31424,3,AY,1,100,-0.426
1777235673.985983,195659.000,31424,3,AY,1,100,-0.389
1777235674.025984,195699.000,31447,2,AY,1,100,-0.414
1777235674.065984,195739.000,31447,2,AY,1,100,-0.410
1777235674.105985,195779.000,31464,3,AY,1,100,-0.425
1777235674.145986,195819.000,31464,3,AY,1,100,-0.413
1777235674.185987,195859.000,31464,3,AY,1,100,-0.421
1777235674.225988,195899.000,31480,2,AY,1,100,-0.414
1777235674.265989,195939.000,31480,2,AY,1,100,-0.420
1777235674.305990,195979.000,31499,3,AY,1,100,-0.410
1777235674.345990,196019.000,31499,3,AY,1,100,-0.431
1777235674.385991,196059.000,31499,3,AY,1,100,-0.408
1777235674.425992,196099.000,31516,2,AY,1,100,-0.431
1777235674.465993,196139.000,31516,2,AY,1,100,-0.413
1777235674.505994,196179.000,31534,3,AY,1,100,-0.431
1777235674.545995,196219.000,31534,3,AY,1,100,-0.414
1777235674.585995,196259.000,31534,3,AY,1,100,-0.434
1777235674.625996,196299.000,31549,2,AY,1,100,-0.419
1777235674.665997,196339.000,31549,2,AY,1,100,-0.430
1777235674.705998,196379.000,31568,3,AY,1,100,-0.421
1777235674.745999,196419.000,31568,3,AY,1,100,-0.428
1777235674.786000,196459.000,31568,3,AY,1,100,-0.423
1777235674.826000,196499.000,31585,3,AY,1,100,-0.431
1777235674.866001,196539.000,31585,3,AY,1,100,-0.429
1777235674.906002,196579.000,31585,3,AY,1,100,-0.423
1777235674.946003,196619.000,31603,2,AY,1,100,-0.427
1777235674.986004,196659.000,31603,2,AY,1,100,-0.422
1777235675.026005,196699.000,31621,3,AY,1,100,-0.423
1777235675.066006,196739.000,31621,3,AY,1,100,-0.419
1777235675.106006,196779.000,31621,3,AY,1,100,-0.418
1777235675.146007,196819.000,31641,2,AY,1,100,-0.425
1777235675.186008,196859.000,31641,2,AY,1,100,-0.416
1777235675.225676,196898.667,31658,3,AY,1,100,-0.429
1777235675.265343,196938.333,31658,3,AY,1,100,-0.416
1777235675.305011,196978.000,31658,3,AY,1,100,-0.423
1777235675.345511,197018.500,31677,2,AY,1,100,-0.421
1777235675.386012,197059.000,31677,2,AY,1,100,-0.417
1777235675.421680,197094.667,31692,3,AY,1,100,-0.416
1777235675.457347,197130.333,31692,3,AY,1,100,-0.420
1777235675.493015,197166.000,31692,3,AY,1,100,-0.419
1777235675.533015,197206.000,31710,3,AY,1,100,-0.418
1777235675.573016,197246.000,31710,3,AY,1,100,-0.414
1777235675.613017,197286.000,31710,3,AY,1,100,-0.419
1777235675.653018,197326.000,31727,2,AY,1,100,-0.420
1777235675.693019,197366.000,31727,2,AY,1,100,-0.415
1777235675.733020,197406.000,31748,3,AY,1,100,-0.414
1777235675.773021,197446.000,31748,3,AY,1,100,-0.420
1777235675.813021,197486.000,31748,3,AY,1,100,-0.415
1777235675.853022,197526.000,31763,2,AY,1,100,-0.424
1777235675.893023,197566.000,31763,2,AY,1,100,-0.411
1777235675.933024,197606.000,31781,3,AY,1,100,-0.420
1777235675.973025,197646.000,31781,3,AY,1,100,-0.418
1777235676.013026,197686.000,31781,3,AY,1,100,-0.416
1777235677.710395,199383.333,32659,3,AY,1,100,-0.232
1777235679.407764,201080.667,32659,3,AY,1,100,-0.211
1777235681.105134,202778.000,32659,3,AY,1,100,-0.215
1777235681.145134,202818.000,32676,2,AY,1,100,-0.197
1777235681.185135,202858.000,32676,2,AY,1,100,-0.218
1777235681.225136,202898.000,32694,3,AY,1,100,-0.212
1777235681.265137,202938.000,32694,3,AY,1,100,-0.210
1777235681.305138,202978.000,32694,3,AY,1,100,-0.201
1777235681.345139,203018.000,32712,2,AY,1,100,-0.211
1777235681.385139,203058.000,32712,2,AY,1,100,-0.177
1777235681.425140,203098.000,32728,3,AY,1,100,-0.196
1777235681.465141,203138.000,32728,3,AY,1,100,-0.209
1777235681.505142,203178.000,32728,3,AY,1,100,-0.211
1777235681.545143,203218.000,32745,2,AY,1,100,-0.212
1777235681.585144,203258.000,32745,2,AY,1,100,-0.227
1777235681.625144,203298.000,32763,3,AY,1,100,-0.209
1777235681.665145,203338.000,32763,3,AY,1,100,-0.254
1777235681.705146,203378.000,32763,3,AY,1,100,-0.167
1777235681.745147,203418.000,32783,2,AY,1,100,-0.205
1777235681.785148,203458.000,32783,2,AY,1,100,-0.175
1777235681.825149,203498.000,32799,3,AY,1,100,-0.209
1777235681.865149,203538.000,32799,3,AY,1,100,-0.213
1777235681.905150,203578.000,32799,3,AY,1,100,-0.202
1777235681.945151,203618.000,32816,2,AY,1,100,-0.221
1777235681.985152,203658.000,32816,2,AY,1,100,-0.213
1777235682.025153,203698.000,32835,3,AY,1,100,-0.218
1777235682.065154,203738.000,32835,3,AY,1,100,-0.206
1777235682.105155,203778.000,32835,3,AY,1,100,-0.207
1777235682.145155,203818.000,32852,3,AY,1,100,-0.224
1777235682.185156,203858.000,32852,3,AY,1,100,-0.208
1777235682.225157,203898.000,32852,3,AY,1,100,-0.229
1777235682.265158,203938.000,32869,2,AY,1,100,-0.213
1777235682.305159,203978.000,32869,2,AY,1,100,-0.221
1777235682.345160,204018.000,32886,3,AY,1,100,-0.223
1777235682.385161,204058.000,32886,3,AY,1,100,-0.216
1777235682.425161,204098.000,32886,3,AY,1,100,-0.218
1777235682.458662,204131.500,32904,2,AY,1,100,-0.218
1777235682.492163,204165.000,32904,2,AY,1,100,-0.217
1777235682.532164,204205.000,32921,3,AY,1,100,-0.226
1777235682.572165,204245.000,32921,3,AY,1,100,-0.217
1777235682.612165,204285.000,32921,3,AY,1,100,-0.217
1777235682.652166,204325.000,32940,3,AY,1,100,-0.231
1777235682.692167,204365.000,32940,3,AY,1,100,-0.238
1777235682.732168,204405.000,32940,3,AY,1,100,-0.221
1777235682.772169,204445.000,32955,2,AY,1,100,-0.225
1777235682.812170,204485.000,32955,2,AY,1,100,-0.239
1777235682.852170,204525.000,32973,3,AY,1,100,-0.231
1777235682.892171,204565.000,32973,3,AY,1,100,-0.231
1777235682.932172,204605.000,32973,3,AY,1,100,-0.232
1777235682.972173,204645.000,32990,2,AY,1,100,-0.226
1777235683.012174,204685.000,32990,2,AY,1,100,-0.228
1777235683.052175,204725.000,33009,3,AY,1,100,-0.229
1777235683.092175,204765.000,33009,3,AY,1,100,-0.226
1777235683.132176,204805.000,33009,3,AY,1,100,-0.236
1777235683.172177,204845.000,33024,2,AY,1,100,-0.226
1777235683.212178,204885.000,33024,2,AY,1,100,-0.231
1777235683.252179,204925.000,33042,3,AY,1,100,-0.236
1777235683.292180,204965.000,33042,3,AY,1,100,-0.236
1777235683.332181,205005.000,33042,3,AY,1,100,-0.229
1777235683.372181,205045.000,33060,2,AY,1,100,-0.235
1777235683.412182,205085.000,33060,2,AY,1,100,-0.232
1777235683.452183,205125.000,33078,3,AY,1,100,-0.221
1777235683.492184,205165.000,33078,3,AY,1,100,-0.252
1777235683.532185,205205.000,33078,3,AY,1,100,-0.243
1777235683.572186,205245.000,33093,2,AY,1,100,-0.244
1777235683.612187,205285.000,33093,2,AY,1,100,-0.231
1777235683.652187,205325.000,33112,3,AY,1,100,-0.236
1777235683.692188,205365.000,33112,3,AY,1,100,-0.232
1777235683.732189,205405.000,33112,3,AY,1,100,-0.220
1777235683.772190,205445.000,33129,3,AY,1,100,-0.248
1777235683.812191,205485.000,33129,3,AY,1,100,-0.233
1777235683.852192,205525.000,33129,3,AY,1,100,-0.243
1777235683.892193,205565.000,33147,2,AY,1,100,-0.226
1777235683.932193,205605.000,33147,2,AY,1,100,-0.242
1777235683.972194,205645.000,33162,3,AY,1,100,-0.235
1777235684.012195,205685.000,33162,3,AY,1,100,-0.284
1777235684.052196,205725.000,33162,3,AY,1,100,-0.195
1777235684.092197,205765.000,33181,2,AY,1,100,-0.220
1777235684.132198,205805.000,33181,2,AY,1,100,-0.239
1777235684.171999,205844.800,33204,5,AY,1,100,-0.266
1777235684.211799,205884.600,33204,5,AY,1,100,-0.260
1777235684.251600,205924.400,33204,5,AY,1,100,-0.278
1777235684.291401,205964.200,33204,5,AY,1,100,-0.259
1777235684.331202,206004.000,33204,5,AY,1,100,-0.280
1777235684.371203,206044.000,33220,3,AY,1,100,-0.391
1777235684.411203,206084.000,33220,3,AY,1,100,-0.431
1777235684.451204,206124.000,33220,3,AY,1,100,-0.444
1777235684.491205,206164.000,33238,2,AY,1,100,-0.486
1777235684.531206,206204.000,33238,2,AY,1,100,-0.478
1777235684.571207,206244.000,33255,3,AY,1,100,-0.321
1777235684.611208,206284.000,33255,3,AY,1,100,-0.245
1777235684.651209,206324.000,33255,3,AY,1,100,-0.175
1777235684.691209,206364.000,33274,2,AY,1,100,-0.108
1777235684.731210,206404.000,33274,2,AY,1,100,-0.097
1777235684.771211,206444.000,33290,3,AY,1,100,-0.054
1777235684.811212,206484.000,33290,3,AY,1,100,0.034
1777235684.851213,206524.000,33290,3,AY,1,100,0.102
1777235684.886880,206559.667,33307,3,AY,1,100,0.250
1777235684.922548,206595.333,33307,3,AY,1,100,0.237
1777235684.958215,206631.000,33307,3,AY,1,100,0.265
1777235684.998216,206671.000,33324,2,AY,1,100,0.236
1777235685.038217,206711.000,33324,2,AY,1,100,0.183
1777235685.078218,206751.000,33345,3,AY,1,100,0.241
1777235685.118218,206791.000,33345,3,AY,1,100,0.138
1777235685.158219,206831.000,33345,3,AY,1,100,0.128
1777235685.198220,206871.000,33362,2,AY,1,100,0.034
1777235685.238221,206911.000,33362,2,AY,1,100,-0.011
1777235685.278222,206951.000,33378,3,AY,1,100,0.000
1777235685.318223,206991.000,33378,3,AY,1,100,-0.091
1777235685.358223,207031.000,33378,3,AY,1,100,-0.151
1777235685.398224,207071.000,33396,2,AY,1,100,-0.097
1777235685.438225,207111.000,33396,2,AY,1,100,-0.193
1777235685.478226,207151.000,33414,3,AY,1,100,-0.305
1777235685.518227,207191.000,33414,3,AY,1,100,0.115
1777235685.558228,207231.000,33414,3,AY,1,100,-0.025
1777235685.598229,207271.000,33431,2,AY,1,100,0.022
1777235685.638229,207311.000,33431,2,AY,1,100,-0.216
1777235685.678230,207351.000,33448,3,AY,1,100,-0.108
1777235685.718231,207391.000,33448,3,AY,1,100,-0.172
1777235685.758232,207431.000,33448,3,AY,1,100,-0.217
1777235685.798233,207471.000,33465,3,AY,1,100,-0.153
1777235685.838234,207511.000,33465,3,AY,1,100,-0.286
1777235685.878235,207551.000,33465,3,AY,1,100,-0.208
1777235685.918235,207591.000,33483,2,AY,1,100,-0.278
1777235685.958236,207631.000,33483,2,AY,1,100,-0.168
1777235685.998237,207671.000,33501,3,AY,1,100,-0.262
1777235686.038238,207711.000,33501,3,AY,1,100,-0.112
1777235686.078239,207751.000,33501,3,AY,1,100,-0.293
1777235686.118240,207791.000,33517,2,AY,1,100,-0.201
1777235686.158241,207831.000,33517,2,AY,1,100,-0.143
1777235686.198241,207871.000,33534,3,AY,1,100,-0.114
1777235686.238242,207911.000,33534,3,AY,1,100,-0.218
1777235686.278243,207951.000,33534,3,AY,1,100,-0.062
1777235686.318244,207991.000,33552,2,AY,1,100,-0.128
1777235686.358245,208031.000,33552,2,AY,1,100,-0.160
1777235686.398246,208071.000,33570,3,AY,1,100,-0.261
1777235686.438246,208111.000,33570,3,AY,1,100,-0.135
1777235686.478247,208151.000,33570,3,AY,1,100,-0.035
1777235686.518248,208191.000,33586,2,AY,1,100,-0.307
1777235686.558249,208231.000,33586,2,AY,1,100,-0.454
1777235686.598250,208271.000,33605,3,AY,1,100,-0.615
1777235686.638251,208311.000,33605,3,AY,1,100,-1.090
1777235686.678252,208351.000,33605,3,AY,1,100,-1.543
1777235686.718252,208391.000,33624,2,AY,1,100,-1.668
1777235686.758253,208431.000,33624,2,AY,1,100,-2.124
1777235686.798254,208471.000,33641,3,AY,1,100,-1.899
1777235686.838255,208511.000,33641,3,AY,1,100,-1.580
1777235686.878256,208551.000,33641,3,AY,1,100,-1.323
1777235686.918257,208591.000,33658,2,AY,1,100,-1.269
1777235686.958257,208631.000,33658,2,AY,1,100,-1.058
1777235686.998258,208671.000,33675,3,AY,1,100,-0.886
1777235687.038259,208711.000,33675,3,AY,1,100,-0.707
1777235687.078260,208751.000,33675,3,AY,1,100,-0.555
1777235687.118261,208791.000,33693,2,AY,1,100,-0.480
1777235687.158262,208831.000,33693,2,AY,1,100,-0.482
1777235687.193596,208866.333,33710,3,AY,1,100,-0.525
1777235687.228930,208901.667,33710,3,AY,1,100,-0.725
1777235687.264264,208937.000,33710,3,AY,1,100,-1.051
1777235687.304265,208977.000,33727,3,AY,1,100,-1.375
1777235687.344266,209017.000,33727,3,AY,1,100,-1.818
1777235687.384266,209057.000,33727,3,AY,1,100,-2.415
1777235687.424267,209097.000,33744,2,AY,1,100,-2.585
1777235687.464268,209137.000,33744,2,AY,1,100,-2.327
1777235687.504269,209177.000,33762,3,AY,1,100,-1.913
1777235687.544270,209217.000,33762,3,AY,1,100,-1.434
1777235687.584271,209257.000,33762,3,AY,1,100,-1.063
1777235687.624271,209297.000,33779,3,AY,1,100,-0.944
1777235687.664272,209337.000,33779,3,AY,1,100,-0.255
1777235687.704273,209377.000,33779,3,AY,1,100,-0.050
1777235687.744274,209417.000,33798,2,AY,1,100,-0.441
1777235687.784275,209457.000,33798,2,AY,1,100,-0.851
1777235687.824276,209497.000,33813,3,AY,1,100,-1.275
1777235687.864277,209537.000,33813,3,AY,1,100,-1.736
1777235687.904277,209577.000,33813,3,AY,1,100,-2.195
1777235687.944278,209617.000,33831,2,AY,1,100,-2.624
1777235687.984279,209657.000,33831,2,AY,1,100,-2.676
1777235688.024280,209697.000,33849,3,AY,1,100,-2.632
1777235688.064281,209737.000,33849,3,AY,1,100,-2.338
1777235688.104282,209777.000,33849,3,AY,1,100,-1.821
1777235688.144283,209817.000,33867,2,AY,1,100,-1.324
1777235688.184283,209857.000,33867,2,AY,1,100,-0.832
1777235688.224284,209897.000,33882,3,AY,1,100,-0.558
1777235688.264285,209937.000,33882,3,AY,1,100,-0.409
1777235688.304286,209977.000,33882,3,AY,1,100,-0.303
1777235688.344287,210017.000,33901,2,AY,1,100,-0.323
1777235688.384288,210057.000,33901,2,AY,1,100,-0.384
1777235688.424289,210097.000,33918,3,AY,1,100,-0.696
1777235688.464289,210137.000,33918,3,AY,1,100,-1.095
1777235688.504290,210177.000,33918,3,AY,1,100,-1.754
1777235688.544291,210217.000,33936,2,AY,1,100,-2.163
1777235688.584292,210257.000,33936,2,AY,1,100,-2.538
1777235688.624293,210297.000,33951,3,AY,1,100,-2.862
1777235688.664294,210337.000,33951,3,AY,1,100,-2.904
1777235688.704294,210377.000,33951,3,AY,1,100,-2.756
1777235688.744295,210417.000,33972,2,AY,1,100,-2.273
1777235688.784296,210457.000,33972,2,AY,1,100,-1.720
1777235688.824297,210497.000,33989,3,AY,1,100,-1.281
1777235688.864298,210537.000,33989,3,AY,1,100,-0.883
1777235688.904299,210577.000,33989,3,AY,1,100,-0.556
1777235688.944299,210617.000,34007,3,AY,1,100,-0.159
1777235688.984300,210657.000,34007,3,AY,1,100,-0.185
1777235689.024301,210697.000,34007,3,AY,1,100,-0.253
1777235689.064302,210737.000,34024,2,AY,1,100,-0.252
1777235689.104303,210777.000,34024,2,AY,1,100,-0.349
1777235689.144304,210817.000,34041,3,AY,1,100,-0.620
1777235689.184304,210857.000,34041,3,AY,1,100,-0.789
1777235689.224305,210897.000,34041,3,AY,1,100,-1.062
1777235689.264306,210937.000,34058,2,AY,1,100,-1.306
1777235689.304307,210977.000,34058,2,AY,1,100,-1.170
1777235689.344308,211017.000,34082,4,AY,1,100,-1.122
1777235689.384309,211057.000,34082,4,AY,1,100,-0.766
1777235689.424310,211097.000,34082,4,AY,1,100,-0.656
1777235689.464310,211137.000,34082,4,AY,1,100,-0.222
1777235689.504311,211177.000,34099,2,AY,1,100,0.018
1777235689.544312,211217.000,34099,2,AY,1,100,-0.159
1777235689.579980,211252.667,34119,3,AY,1,100,-0.887
1777235689.615647,211288.333,34119,3,AY,1,100,-1.704
1777235689.651314,211324.000,34119,3,AY,1,100,-1.342
1777235689.691315,211364.000,34135,2,AY,1,100,-1.590
1777235689.731316,211404.000,34135,2,AY,1,100,-2.076
1777235689.771317,211444.000,34153,3,AY,1,100,-1.220
1777235689.811318,211484.000,34153,3,AY,1,100,-0.498
1777235689.851319,211524.000,34153,3,AY,1,100,-0.364
1777235689.891320,211564.000,34170,3,AY,1,100,-1.089
1777235689.931320,211604.000,34170,3,AY,1,100,-1.519
1777235689.971321,211644.000,34170,3,AY,1,100,-1.027
1777235690.011322,211684.000,34191,2,AY,1,100,0.535
1777235690.051323,211724.000,34191,2,AY,1,100,0.113
1777235690.091324,211764.000,34208,3,AY,1,100,-0.408
1777235690.131325,211804.000,34208,3,AY,1,100,-1.242
1777235690.171325,211844.000,34208,3,AY,1,100,-2.061
1777235690.211326,211884.000,34226,2,AY,1,100,-1.664
1777235690.251327,211924.000,34226,2,AY,1,100,-0.969
1777235690.291328,211964.000,34243,3,AY,1,100,-0.859
1777235690.331329,212004.000,34243,3,AY,1,100,-1.669
1777235690.371330,212044.000,34243,3,AY,1,100,-1.356
1777235690.411330,212084.000,34262,2,AY,1,100,-0.216
1777235690.451331,212124.000,34262,2,AY,1,100,1.020
1777235690.491332,212164.000,34279,3,AY,1,100,0.229
1777235690.531333,212204.000,34279,3,AY,1,100,-0.637
1777235690.571334,212244.000,34279,3,AY,1,100,-0.864
1777235690.611335,212284.000,34297,2,AY,1,100,-1.859
1777235690.651336,212324.000,34297,2,AY,1,100,-1.657
1777235690.691336,212364.000,34315,3,AY,1,100,-0.782
1777235690.731337,212404.000,34315,3,AY,1,100,-0.320
1777235690.771338,212444.000,34315,3,AY,1,100,-0.505
1777235690.811339,212484.000,34333,2,AY,1,100,-2.060
1777235690.851340,212524.000,34333,2,AY,1,100,-1.172
1777235690.891341,212564.000,34350,3,AY,1,100,-0.363
1777235690.931341,212604.000,34350,3,AY,1,100,0.408
1777235690.971342,212644.000,34350,3,AY,1,100,-0.299
1777235691.011343,212684.000,34369,3,AY,1,100,-0.767
1777235691.051344,212724.000,34369,3,AY,1,100,-1.160
1777235691.091345,212764.000,34369,3,AY,1,100,-1.517
1777235691.131346,212804.000,34386,2,AY,1,100,-0.957
1777235691.171347,212844.000,34386,2,AY,1,100,-0.168
1777235691.211347,212884.000,34404,3,AY,1,100,-0.230
1777235691.251348,212924.000,34404,3,AY,1,100,-0.673
1777235691.291349,212964.000,34404,3,AY,1,100,-2.032
1777235691.331350,213004.000,34422,2,AY,1,100,-1.599
1777235691.371351,213044.000,34422,2,AY,1,100,-0.956
1777235691.411352,213084.000,34440,3,AY,1,100,-0.129
1777235691.451353,213124.000,34440,3,AY,1,100,-0.015
1777235691.491353,213164.000,34440,3,AY,1,100,-0.411
1777235691.531354,213204.000,34457,2,AY,1,100,-0.610
1777235691.571355,213244.000,34457,2,AY,1,100,-0.757
1777235691.611356,213284.000,34475,3,AY,1,100,-1.193
1777235691.651357,213324.000,34475,3,AY,1,100,-1.119
1777235691.691358,213364.000,34475,3,AY,1,100,-0.598
1777235691.731359,213404.000,34493,2,AY,1,100,-0.156
1777235691.771359,213444.000,34493,2,AY,1,100,-0.330
1777235691.811360,213484.000,34509,3,AY,1,100,-0.932
1777235691.851361,213524.000,34509,3,AY,1,100,-2.051
1777235691.891362,213564.000,34509,3,AY,1,100,-1.932
1777235691.926696,213599.333,34528,3,AY,1,100,-1.498
1777235691.962030,213634.667,34528,3,AY,1,100,-0.710
1777235691.997364,213670.000,34528,3,AY,1,100,-0.266
1777235692.037365,213710.000,34547,2,AY,1,100,-0.454
1777235692.077366,213750.000,34547,2,AY,1,100,-0.813
1777235692.117367,213790.000,34564,3,AY,1,100,-0.906
1777235692.157367,213830.000,34564,3,AY,1,100,-0.794
1777235692.197368,213870.000,34564,3,AY,1,100,-0.911
1777235692.237369,213910.000,34580,2,AY,1,100,-1.018
1777235692.277370,213950.000,34580,2,AY,1,100,-0.658
1777235692.317371,213990.000,34598,3,AY,1,100,-0.169
1777235692.357372,214030.000,34598,3,AY,1,100,-0.143
1777235692.397372,214070.000,34598,3,AY,1,100,-0.553
1777235692.437373,214110.000,34616,3,AY,1,100,-0.823
1777235692.477374,214150.000,34616,3,AY,1,100,-1.677
1777235692.517375,214190.000,34616,3,AY,1,100,-1.872
1777235692.557376,214230.000,34635,2,AY,1,100,-1.800
1777235692.597377,214270.000,34635,2,AY,1,100,-1.298
1777235692.637378,214310.000,34651,3,AY,1,100,-1.065
1777235692.677378,214350.000,34651,3,AY,1,100,-0.954
1777235692.717379,214390.000,34651,3,AY,1,100,-0.818
1777235692.757380,214430.000,34669,2,AY,1,100,-0.780
1777235692.797381,214470.000,34669,2,AY,1,100,-0.777
1777235692.837382,214510.000,34687,3,AY,1,100,-0.882
1777235692.877383,214550.000,34687,3,AY,1,100,-1.065
1777235692.917384,214590.000,34687,3,AY,1,100,-1.382
1777235692.957384,214630.000,34706,2,AY,1,100,-1.615
1777235692.997385,214670.000,34706,2,AY,1,100,-2.010
1777235693.037386,214710.000,34724,3,AY,1,100,-1.990
1777235693.077387,214750.000,34724,3,AY,1,100,-1.538
1777235693.117388,214790.000,34724,3,AY,1,100,-0.978
1777235693.157389,214830.000,34740,2,AY,1,100,-0.655
1777235693.197390,214870.000,34740,2,AY,1,100,-0.320
1777235693.237390,214910.000,34758,3,AY,1,100,-0.074
1777235693.277391,214950.000,34758,3,AY,1,100,0.036
1777235693.317392,214990.000,34758,3,AY,1,100,0.072
1777235693.357393,215030.000,34776,2,AY,1,100,-0.071
1777235693.397394,215070.000,34776,2,AY,1,100,-0.482
1777235693.437395,215110.000,34794,3,AY,1,100,-0.576
1777235693.477396,215150.000,34794,3,AY,1,100,-0.985
1777235693.517396,215190.000,34794,3,AY,1,100,-1.447
1777235693.557397,215230.000,34811,2,AY,1,100,-2.349
1777235693.597398,215270.000,34811,2,AY,1,100,-2.603
1777235693.637399,215310.000,34830,3,AY,1,100,-3.180
1777235693.677400,215350.000,34830,3,AY,1,100,-2.464
1777235693.717401,215390.000,34830,3,AY,1,100,-1.525
1777235693.757401,215430.000,34847,2,AY,1,100,-0.855
1777235693.797402,215470.000,34847,2,AY,1,100,0.008
1777235693.837403,215510.000,34865,3,AY,1,100,0.002
1777235693.877404,215550.000,34865,3,AY,1,100,-0.343
1777235693.917405,215590.000,34865,3,AY,1,100,-0.224
1777235693.957406,215630.000,34880,3,AY,1,100,-0.464
1777235693.997406,215670.000,34880,3,AY,1,100,-1.262
1777235694.037407,215710.000,34880,3,AY,1,100,-1.467
1777235694.077408,215750.000,34899,2,AY,1,100,-1.788
1777235694.117409,215790.000,34899,2,AY,1,100,-2.481
1777235694.153076,215825.667,34918,3,AY,1,100,-2.469
1777235694.188744,215861.333,34918,3,AY,1,100,-2.039
1777235694.224411,215897.000,34918,3,AY,1,100,-1.571
1777235694.264412,215937.000,34936,3,AY,1,100,-1.463
1777235694.304413,215977.000,34936,3,AY,1,100,-1.281
1777235694.344414,216017.000,34936,3,AY,1,100,-0.872
1777235694.384415,216057.000,34952,2,AY,1,100,-1.017
1777235694.424416,216097.000,34952,2,AY,1,100,-1.254
1777235694.464416,216137.000,34975,4,AY,1,100,-1.534
1777235694.504417,216177.000,34975,4,AY,1,100,-1.224
1777235694.544418,216217.000,34975,4,AY,1,100,-0.745
1777235694.584419,216257.000,34975,4,AY,1,100,0.600
1777235694.624420,216297.000,34991,2,AY,1,100,1.978
1777235694.664421,216337.000,34991,2,AY,1,100,0.765
1777235694.704422,216377.000,35010,3,AY,1,100,-0.303
1777235694.744422,216417.000,35010,3,AY,1,100,-0.824
1777235694.784423,216457.000,35010,3,AY,1,100,-1.166
1777235694.824424,216497.000,35027,2,AY,1,100,-1.130
1777235694.864425,216537.000,35027,2,AY,1,100,-1.059
1777235694.904426,216577.000,35046,3,AY,1,100,-1.694
1777235694.944427,216617.000,35046,3,AY,1,100,-1.659
1777235694.984427,216657.000,35046,3,AY,1,100,-2.196
1777235695.024428,216697.000,35063,2,AY,1,100,-2.797
1777235695.064429,216737.000,35063,2,AY,1,100,-3.016
1777235695.104430,216777.000,35083,3,AY,1,100,-1.840
1777235695.144431,216817.000,35083,3,AY,1,100,-1.459
1777235695.184432,216857.000,35083,3,AY,1,100,-1.059
1777235695.224432,216897.000,35100,2,AY,1,100,-0.562
1777235695.264433,216937.000,35100,2,AY,1,100,-1.162
1777235695.304434,216977.000,35119,3,AY,1,100,-1.338
1777235695.344435,217017.000,35119,3,AY,1,100,-1.588
1777235695.384436,217057.000,35119,3,AY,1,100,-1.728
1777235695.424437,217097.000,35134,2,AY,1,100,-0.559
1777235695.464437,217137.000,35134,2,AY,1,100,1.246
1777235695.504438,217177.000,35152,3,AY,1,100,0.361
1777235695.544439,217217.000,35152,3,AY,1,100,-0.357
1777235695.584440,217257.000,35152,3,AY,1,100,-0.481
1777235695.624441,217297.000,35169,3,AY,1,100,-0.281
1777235695.664442,217337.000,35169,3,AY,1,100,-0.285
1777235695.704443,217377.000,35169,3,AY,1,100,-0.291
1777235695.743943,217416.500,35188,2,AY,1,100,-1.316
1777235695.783444,217456.000,35188,2,AY,1,100,-1.696
1777235695.823445,217496.000,35205,3,AY,1,100,-2.657
1777235695.863446,217536.000,35205,3,AY,1,100,-2.966
1777235695.903447,217576.000,35205,3,AY,1,100,-2.132
1777235695.943448,217616.000,35223,2,AY,1,100,-1.146
1777235695.983449,217656.000,35223,2,AY,1,100,-0.238
1777235696.023783,217696.333,35241,3,AY,1,100,-0.028
1777235696.064117,217736.667,35241,3,AY,1,100,-0.499
1777235696.104451,217777.000,35241,3,AY,1,100,-0.334
1777235696.143952,217816.500,35259,2,AY,1,100,-1.445
1777235696.183453,217856.000,35259,2,AY,1,100,-2.056
1777235696.223454,217896.000,35274,3,AY,1,100,-1.974
1777235696.263454,217936.000,35274,3,AY,1,100,-1.106
1777235696.303455,217976.000,35274,3,AY,1,100,-0.568
1777235696.343456,218016.000,35293,2,AY,1,100,-0.445
1777235696.383457,218056.000,35293,2,AY,1,100,-0.456
1777235696.423458,218096.000,35310,3,AY,1,100,-0.690
1777235696.463459,218136.000,35310,3,AY,1,100,-1.108
1777235696.503459,218176.000,35310,3,AY,1,100,-1.149
1777235696.539127,218211.667,35328,3,AY,1,100,-1.109
1777235696.574794,218247.333,35328,3,AY,1,100,-0.994
1777235696.610462,218283.000,35328,3,AY,1,100,-0.975
1777235696.650463,218323.000,35343,2,AY,1,100,-0.965
1777235696.690464,218363.000,35343,2,AY,1,100,-1.148
1777235696.730464,218403.000,35364,3,AY,1,100,-1.247
1777235696.770465,218443.000,35364,3,AY,1,100,-1.133
1777235696.810466,218483.000,35364,3,AY,1,100,-0.982
1777235696.850467,218523.000,35381,2,AY,1,100,-0.868
1777235696.890468,218563.000,35381,2,AY,1,100,-0.799
1777235696.930469,218603.000,35399,3,AY,1,100,-0.790
1777235696.970469,218643.000,35399,3,AY,1,100,-0.881
1777235697.010470,218683.000,35399,3,AY,1,100,-0.925
1777235697.050471,218723.000,35416,2,AY,1,100,-0.920
1777235697.090472,218763.000,35416,2,AY,1,100,-1.089
1777235697.130473,218803.000,35435,3,AY,1,100,-1.202
1777235697.170474,218843.000,35435,3,AY,1,100,-1.215
1777235697.210474,218883.000,35435,3,AY,1,100,-1.140
1777235697.250475,218923.000,35452,3,AY,1,100,-1.086
1777235697.290476,218963.000,35452,3,AY,1,100,-1.063
1777235697.330477,219003.000,35452,3,AY,1,100,-1.028
1777235697.370478,219043.000,35471,2,AY,1,100,-1.014
1777235697.410479,219083.000,35471,2,AY,1,100,-0.983
1777235697.450480,219123.000,35488,3,AY,1,100,-0.978
1777235697.490480,219163.000,35488,3,AY,1,100,-0.991
1777235697.530481,219203.000,35488,3,AY,1,100,-1.008
1777235697.570482,219243.000,35504,2,AY,1,100,-0.989
1777235697.610483,219283.000,35504,2,AY,1,100,-0.969
1777235697.650484,219323.000,35522,3,AY,1,100,-0.990
1777235697.690485,219363.000,35522,3,AY,1,100,-1.008
1777235697.730485,219403.000,35522,3,AY,1,100,-1.043
1777235697.770486,219443.000,35540,2,AY,1,100,-1.063
1777235697.810487,219483.000,35540,2,AY,1,100,-1.015
1777235697.850821,219523.333,35557,3,AY,1,100,-1.018
1777235697.891155,219563.667,35557,3,AY,1,100,-1.037
1777235697.931490,219604.000,35557,3,AY,1,100,-1.034
1777235697.971491,219644.000,35573,2,AY,1,100,-1.045
1777235698.011492,219684.000,35573,2,AY,1,100,-1.045
1777235698.051492,219724.000,35591,3,AY,1,100,-1.021
1777235698.091493,219764.000,35591,3,AY,1,100,-1.003
1777235698.131494,219804.000,35591,3,AY,1,100,-1.005
1777235698.171495,219844.000,35609,2,AY,1,100,-0.885
1777235698.211496,219884.000,35609,2,AY,1,100,-0.808
1777235698.251497,219924.000,35626,3,AY,1,100,-0.798
1777235698.291497,219964.000,35626,3,AY,1,100,-0.885
1777235698.331498,220004.000,35626,3,AY,1,100,-0.925
1777235698.371499,220044.000,35643,2,AY,1,100,-0.913
1777235698.411500,220084.000,35643,2,AY,1,100,-0.951
1777235698.451501,220124.000,35662,3,AY,1,100,-0.944
1777235698.491502,220164.000,35662,3,AY,1,100,-0.925
1777235698.531502,220204.000,35662,3,AY,1,100,-0.862
1777235698.571503,220244.000,35680,2,AY,1,100,-0.850
1777235698.611504,220284.000,35680,2,AY,1,100,-0.842
1777235698.651505,220324.000,35698,3,AY,1,100,-0.875
1777235698.691506,220364.000,35698,3,AY,1,100,-0.897
1777235698.731507,220404.000,35698,3,AY,1,100,-0.929
1777235698.771508,220444.000,35714,3,AY,1,100,-0.933
1777235698.811508,220484.000,35714,3,AY,1,100,-0.918
1777235698.851509,220524.000,35714,3,AY,1,100,-0.933
1777235698.891510,220564.000,35731,2,AY,1,100,-0.972
1777235698.931511,220604.000,35731,2,AY,1,100,-0.979
1777235698.966845,220639.333,35749,3,AY,1,100,-0.945
1777235699.002179,220674.667,35749,3,AY,1,100,-0.909
1777235699.037513,220710.000,35749,3,AY,1,100,-0.954
1777235699.077514,220750.000,35767,3,AY,1,100,-0.953
1777235699.117515,220790.000,35767,3,AY,1,100,-1.017
1777235699.157516,220830.000,35767,3,AY,1,100,-0.990
1777235699.197016,220869.500,35784,2,AY,1,100,-0.988
1777235699.236517,220909.000,35784,2,AY,1,100,-1.006
1777235699.276518,220949.000,35800,3,AY,1,100,-1.001
1777235699.316519,220989.000,35800,3,AY,1,100,-0.984
1777235699.356520,221029.000,35800,3,AY,1,100,-0.950
1777235699.396521,221069.000,35819,2,AY,1,100,-0.967
1777235699.436522,221109.000,35819,2,AY,1,100,-1.007
1777235699.476522,221149.000,35838,3,AY,1,100,-1.005
1777235699.516523,221189.000,35838,3,AY,1,100,-0.951
1777235699.556524,221229.000,35838,3,AY,1,100,-0.934
1777235699.596525,221269.000,35859,3,AY,1,100,-0.938
1777235699.636526,221309.000,35859,3,AY,1,100,-0.833
1777235699.676527,221349.000,35859,3,AY,1,100,-0.715
1777235699.716527,221389.000,35877,3,AY,1,100,-0.618
1777235699.756528,221429.000,35877,3,AY,1,100,-0.685
1777235699.796529,221469.000,35877,3,AY,1,100,-0.631
1777235699.836530,221509.000,35893,2,AY,1,100,-0.629
1777235699.876531,221549.000,35893,2,AY,1,100,-0.685
1777235699.916532,221589.000,35910,3,AY,1,100,-0.755
1777235699.956533,221629.000,35910,3,AY,1,100,-0.947
1777235699.996533,221669.000,35910,3,AY,1,100,-0.862
1777235700.036534,221709.000,35929,2,AY,1,100,-1.086
1777235700.076535,221749.000,35929,2,AY,1,100,-1.182
1777235700.116536,221789.000,35948,3,AY,1,100,-1.180
1777235700.156537,221829.000,35948,3,AY,1,100,-1.240
1777235700.196538,221869.000,35948,3,AY,1,100,-1.342
1777235700.236539,221909.000,35964,2,AY,1,100,-1.313
1777235700.276539,221949.000,35964,2,AY,1,100,-1.492
1777235700.316540,221989.000,35982,3,AY,1,100,-1.542
1777235700.356541,222029.000,35982,3,AY,1,100,-1.618
1777235700.396542,222069.000,35982,3,AY,1,100,-1.633
1777235700.436543,222109.000,36000,3,AY,1,100,-1.747
1777235700.476544,222149.000,36000,3,AY,1,100,-1.861
1777235700.516545,222189.000,36000,3,AY,1,100,-1.963
1777235700.556545,222229.000,36019,2,AY,1,100,-2.050
1777235700.596546,222269.000,36019,2,AY,1,100,-2.134
1777235700.636547,222309.000,36035,3,AY,1,100,-2.055
1777235700.676548,222349.000,36035,3,AY,1,100,-1.974
1777235700.716549,222389.000,36035,3,AY,1,100,-1.739
1777235700.756550,222429.000,36053,2,AY,1,100,-1.625
1777235700.796551,222469.000,36053,2,AY,1,100,-1.437
1777235700.836551,222509.000,36071,3,AY,1,100,-1.280
1777235700.876552,222549.000,36071,3,AY,1,100,-0.942
1777235700.916553,222589.000,36071,3,AY,1,100,-0.671
1777235700.956554,222629.000,36088,2,AY,1,100,-0.501
1777235700.996555,222669.000,36088,2,AY,1,100,-0.185
1777235701.036556,222709.000,36106,3,AY,1,100,0.057
1777235701.076556,222749.000,36106,3,AY,1,100,0.251
1777235701.116557,222789.000,36106,3,AY,1,100,0.495
1777235701.152558,222825.000,36122,3,AY,1,100,0.655
1777235701.188559,222861.000,36122,3,AY,1,100,0.796
1777235701.224560,222897.000,36122,3,AY,1,100,0.992
1777235701.264560,222937.000,36140,2,AY,1,100,0.939
1777235701.304561,222977.000,36140,2,AY,1,100,0.999
1777235701.344562,223017.000,36158,3,AY,1,100,0.977
1777235701.384563,223057.000,36158,3,AY,1,100,0.870
1777235701.424564,223097.000,36158,3,AY,1,100,0.733
1777235701.464565,223137.000,36176,2,AY,1,100,0.603
1777235701.504565,223177.000,36176,2,AY,1,100,0.373
1777235701.544566,223217.000,36193,3,AY,1,100,0.081
1777235701.584567,223257.000,36193,3,AY,1,100,-0.277
1777235701.624568,223297.000,36193,3,AY,1,100,-0.545
1777235701.664569,223337.000,36212,2,AY,1,100,-0.886
1777235701.704570,223377.000,36212,2,AY,1,100,-1.288
1777235701.744570,223417.000,36229,3,AY,1,100,-1.869
1777235701.784571,223457.000,36229,3,AY,1,100,-2.173
1777235701.824572,223497.000,36229,3,AY,1,100,-2.164
1777235701.864573,223537.000,36247,2,AY,1,100,-2.371
1777235701.904574,223577.000,36247,2,AY,1,100,-2.341
1777235701.944241,223616.667,36262,3,AY,1,100,-2.242
1777235701.983909,223656.333,36262,3,AY,1,100,-1.890
1777235702.023576,223696.000,36262,3,AY,1,100,-1.486
1777235702.064077,223736.500,36281,2,AY,1,100,-1.070
1777235702.104578,223777.000,36281,2,AY,1,100,-0.799
1777235702.144579,223817.000,36298,3,AY,1,100,-0.718
1777235702.184580,223857.000,36298,3,AY,1,100,-0.704
1777235702.224581,223897.000,36298,3,AY,1,100,-0.801
1777235702.264581,223937.000,36316,2,AY,1,100,-1.043
1777235702.304582,223977.000,36316,2,AY,1,100,-1.531
1777235702.344250,224016.667,36332,3,AY,1,100,-1.820
1777235702.383917,224056.333,36332,3,AY,1,100,-2.125
1777235702.423585,224096.000,36332,3,AY,1,100,-2.452
1777235702.463586,224136.000,36350,3,AY,1,100,-2.345
1777235702.503587,224176.000,36350,3,AY,1,100,-2.057
1777235702.543587,224216.000,36350,3,AY,1,100,-1.634
1777235702.583588,224256.000,36367,2,AY,1,100,-1.233
1777235702.623589,224296.000,36367,2,AY,1,100,-0.982
1777235702.663590,224336.000,36386,3,AY,1,100,-0.542
1777235702.703591,224376.000,36386,3,AY,1,100,0.107
1777235702.743592,224416.000,36386,3,AY,1,100,0.093
1777235702.784092,224456.500,36401,2,AY,1,100,-0.351
1777235702.824593,224497.000,36401,2,AY,1,100,-0.873
1777235702.864261,224536.667,36421,3,AY,1,100,-1.177
1777235702.903928,224576.333,36421,3,AY,1,100,-1.668
1777235702.943596,224616.000,36421,3,AY,1,100,-2.142
1777235702.983597,224656.000,36438,2,AY,1,100,-2.540
1777235703.023597,224696.000,36438,2,AY,1,100,-2.397
1777235703.063598,224736.000,36457,3,AY,1,100,-2.174
1777235703.103599,224776.000,36457,3,AY,1,100,-1.820
1777235703.143600,224816.000,36457,3,AY,1,100,-1.458
1777235703.183601,224856.000,36472,2,AY,1,100,-0.972
1777235703.223602,224896.000,36472,2,AY,1,100,-0.658
1777235703.263603,224936.000,36490,3,AY,1,100,-0.525
1777235703.303603,224976.000,36490,3,AY,1,100,-0.480
1777235703.343604,225016.000,36490,3,AY,1,100,-0.567
1777235703.383605,225056.000,36508,2,AY,1,100,-0.843
1777235703.423606,225096.000,36508,2,AY,1,100,-1.251
1777235703.463607,225136.000,36526,3,AY,1,100,-1.686
1777235703.503608,225176.000,36526,3,AY,1,100,-2.307
1777235703.543609,225216.000,36526,3,AY,1,100,-2.616
1777235703.578943,225251.333,36542,3,AY,1,100,-2.801
1777235703.614277,225286.667,36542,3,AY,1,100,-2.410
1777235703.649611,225322.000,36542,3,AY,1,100,-1.580
1777235703.689612,225362.000,36560,2,AY,1,100,-1.164
1777235703.729613,225402.000,36560,2,AY,1,100,-0.741
1777235703.769613,225442.000,36577,3,AY,1,100,-0.238
1777235703.809614,225482.000,36577,3,AY,1,100,-0.200
1777235703.849615,225522.000,36577,3,AY,1,100,-0.228
1777235703.889616,225562.000,36595,2,AY,1,100,-0.488
1777235703.929617,225602.000,36595,2,AY,1,100,-0.818
1777235703.969618,225642.000,36613,3,AY,1,100,-1.350
1777235704.009619,225682.000,36613,3,AY,1,100,-2.190
1777235704.049619,225722.000,36613,3,AY,1,100,-2.438
1777235704.089620,225762.000,36631,2,AY,1,100,-2.596
1777235704.129621,225802.000,36631,2,AY,1,100,-2.168
1777235704.169622,225842.000,36648,3,AY,1,100,-1.673
1777235704.209623,225882.000,36648,3,AY,1,100,-1.317
1777235704.249624,225922.000,36648,3,AY,1,100,-0.907
1777235704.289624,225962.000,36666,3,AY,1,100,-0.571
1777235704.329625,226002.000,36666,3,AY,1,100,-0.456
1777235704.369626,226042.000,36666,3,AY,1,100,-0.451
1777235704.409627,226082.000,36684,2,AY,1,100,-0.537
1777235704.449628,226122.000,36684,2,AY,1,100,-0.687
1777235704.489629,226162.000,36700,3,AY,1,100,-1.025
1777235704.529629,226202.000,36700,3,AY,1,100,-1.521
1777235704.569630,226242.000,36700,3,AY,1,100,-2.079
1777235704.609631,226282.000,36717,2,AY,1,100,-2.402
1777235704.649632,226322.000,36717,2,AY,1,100,-2.650
1777235704.689633,226362.000,36742,4,AY,1,100,-2.712
1777235704.729634,226402.000,36742,4,AY,1,100,-1.766
1777235704.769634,226442.000,36742,4,AY,1,100,-1.049
1777235704.809635,226482.000,36742,4,AY,1,100,-0.695
1777235704.849636,226522.000,36759,3,AY,1,100,-0.104
1777235704.889637,226562.000,36759,3,AY,1,100,0.093
1777235704.929638,226602.000,36759,3,AY,1,100,-0.034
1777235704.969639,226642.000,36777,2,AY,1,100,-0.144
1777235705.009640,226682.000,36777,2,AY,1,100,-0.332
1777235705.049640,226722.000,36797,3,AY,1,100,-0.711
1777235705.089641,226762.000,36797,3,AY,1,100,-1.326
1777235705.129642,226802.000,36797,3,AY,1,100,-2.418
1777235705.169643,226842.000,36815,2,AY,1,100,-2.715
1777235705.209644,226882.000,36815,2,AY,1,100,-2.495
1777235705.249645,226922.000,36832,3,AY,1,100,-2.038
1777235705.289645,226962.000,36832,3,AY,1,100,-1.550
1777235705.329646,227002.000,36832,3,AY,1,100,-1.219
1777235705.369647,227042.000,36851,2,AY,1,100,-0.917
1777235705.409648,227082.000,36851,2,AY,1,100,-0.590
1777235705.449649,227122.000,36868,3,AY,1,100,-0.407
1777235705.489650,227162.000,36868,3,AY,1,100,-0.401
1777235705.529651,227202.000,36868,3,AY,1,100,-0.557
1777235705.569651,227242.000,36884,2,AY,1,100,-0.855
1777235705.609652,227282.000,36884,2,AY,1,100,-1.422
1777235705.649653,227322.000,36902,3,AY,1,100,-2.044
1777235705.689654,227362.000,36902,3,AY,1,100,-2.624
1777235705.729655,227402.000,36902,3,AY,1,100,-2.539
1777235705.765656,227438.000,36920,3,AY,1,100,-2.542
1777235705.801656,227474.000,36920,3,AY,1,100,-2.102
1777235705.837657,227510.000,36920,3,AY,1,100,-1.405
1777235705.884158,227556.500,36937,2,AY,1,100,-0.940
1777235705.930659,227603.000,36937,2,AY,1,100,-0.509
1777235705.965993,227638.333,36953,3,AY,1,100,0.065
1777235706.001327,227673.667,36953,3,AY,1,100,0.039
1777235706.036661,227709.000,36953,3,AY,1,100,-0.079
1777235706.076662,227749.000,36971,2,AY,1,100,-0.420
1777235706.116663,227789.000,36971,2,AY,1,100,-0.756
1777235706.156664,227829.000,36991,3,AY,1,100,-1.279
1777235706.196665,227869.000,36991,3,AY,1,100,-2.114
1777235706.236665,227909.000,36991,3,AY,1,100,-2.560
1777235706.276666,227949.000,37008,3,AY,1,100,-2.510
1777235706.316667,227989.000,37008,3,AY,1,100,-2.079
1777235706.356668,228029.000,37008,3,AY,1,100,-1.467
1777235706.396669,228069.000,37026,2,AY,1,100,-1.354
1777235706.436670,228109.000,37026,2,AY,1,100,-0.884
1777235706.476671,228149.000,37042,3,AY,1,100,-0.559
1777235706.516671,228189.000,37042,3,AY,1,100,-0.448
1777235706.556672,228229.000,37042,3,AY,1,100,-0.537
1777235706.596673,228269.000,37060,2,AY,1,100,-0.675
1777235706.636674,228309.000,37060,2,AY,1,100,-0.931
1777235706.676675,228349.000,37078,3,AY,1,100,-1.459
1777235706.716676,228389.000,37078,3,AY,1,100,-1.968
1777235706.756677,228429.000,37078,3,AY,1,100,-2.312
1777235706.796677,228469.000,37096,2,AY,1,100,-2.650
1777235706.836678,228509.000,37096,2,AY,1,100,-2.433
1777235706.876679,228549.000,37111,3,AY,1,100,-2.083
1777235706.916680,228589.000,37111,3,AY,1,100,-1.567
1777235706.956681,228629.000,37111,3,AY,1,100,-1.116
1777235706.996682,228669.000,37130,2,AY,1,100,-0.647
1777235707.036683,228709.000,37130,2,AY,1,100,0.034
1777235707.076683,228749.000,37147,3,AY,1,100,0.267
1777235707.116684,228789.000,37147,3,AY,1,100,0.067
1777235707.156685,228829.000,37147,3,AY,1,100,-0.196
1777235707.196686,228869.000,37165,2,AY,1,100,-0.534
1777235707.236687,228909.000,37165,2,AY,1,100,-0.900
1777235707.276688,228949.000,37182,3,AY,1,100,-1.377
1777235707.316689,228989.000,37182,3,AY,1,100,-2.471
1777235707.356689,229029.000,37182,3,AY,1,100,-2.395
1777235707.396690,229069.000,37201,2,AY,1,100,-2.261
1777235707.436691,229109.000,37201,2,AY,1,100,-1.985
1777235707.476692,229149.000,37218,3,AY,1,100,-1.648
1777235707.516693,229189.000,37218,3,AY,1,100,-1.323
1777235707.556694,229229.000,37218,3,AY,1,100,-0.936
1777235707.596694,229269.000,37236,3,AY,1,100,-0.628
1777235707.636695,229309.000,37236,3,AY,1,100,-0.516
1777235707.676696,229349.000,37236,3,AY,1,100,-0.531
1777235707.716697,229389.000,37252,2,AY,1,100,-0.718
1777235707.756698,229429.000,37252,2,AY,1,100,-1.083
1777235707.796699,229469.000,37270,3,AY,1,100,-1.559
1777235707.836699,229509.000,37270,3,AY,1,100,-2.055
1777235707.876700,229549.000,37270,3,AY,1,100,-2.365
1777235707.916701,229589.000,37287,2,AY,1,100,-2.529
1777235707.956702,229629.000,37287,2,AY,1,100,-2.183
1777235707.996703,229669.000,37306,3,AY,1,100,-1.744
1777235708.036704,229709.000,37306,3,AY,1,100,-1.296
1777235708.076705,229749.000,37306,3,AY,1,100,-0.895
1777235708.116705,229789.000,37321,2,AY,1,100,-0.275
1777235708.156706,229829.000,37321,2,AY,1,100,0.080
1777235708.192040,229864.333,37339,3,AY,1,100,0.022
1777235708.227374,229899.667,37339,3,AY,1,100,-0.001
1777235708.262708,229935.000,37339,3,AY,1,100,-0.174
1777235708.302709,229975.000,37356,3,AY,1,100,-0.376
1777235708.342710,230015.000,37356,3,AY,1,100,-0.563
1777235708.382711,230055.000,37356,3,AY,1,100,-1.016
1777235708.422712,230095.000,37377,2,AY,1,100,-1.922
1777235708.462713,230135.000,37377,2,AY,1,100,-2.073
1777235708.502713,230175.000,37393,3,AY,1,100,-2.209
1777235708.542714,230215.000,37393,3,AY,1,100,-2.038
1777235708.582715,230255.000,37393,3,AY,1,100,-1.688
1777235708.623216,230295.500,37410,2,AY,1,100,-1.409
1777235708.663717,230336.000,37410,2,AY,1,100,-1.096
1777235708.703718,230376.000,37428,3,AY,1,100,-0.891
1777235708.743719,230416.000,37428,3,AY,1,100,-0.746
1777235708.783720,230456.000,37428,3,AY,1,100,-0.701
1777235708.823720,230496.000,37446,2,AY,1,100,-0.683
1777235708.863721,230536.000,37446,2,AY,1,100,-0.756
1777235708.903722,230576.000,37462,3,AY,1,100,-0.915
1777235708.943723,230616.000,37462,3,AY,1,100,-1.157
1777235708.983724,230656.000,37462,3,AY,1,100,-1.478
1777235709.023725,230696.000,37480,2,AY,1,100,-1.602
1777235709.063725,230736.000,37480,2,AY,1,100,-1.719
1777235709.103726,230776.000,37497,3,AY,1,100,-1.657
1777235709.143727,230816.000,37497,3,AY,1,100,-1.486
1777235709.183728,230856.000,37497,3,AY,1,100,-1.056
1777235709.223729,230896.000,37515,2,AY,1,100,-0.626
1777235709.263730,230936.000,37515,2,AY,1,100,-0.277
1777235709.303730,230976.000,37533,3,AY,1,100,-0.020
1777235709.343731,231016.000,37533,3,AY,1,100,0.261
1777235709.383732,231056.000,37533,3,AY,1,100,0.405
1777235709.423733,231096.000,37549,2,AY,1,100,0.177
1777235709.463734,231136.000,37549,2,AY,1,100,-0.083
1777235709.503735,231176.000,37566,3,AY,1,100,-0.542
1777235709.543736,231216.000,37566,3,AY,1,100,-1.178
1777235709.583736,231256.000,37566,3,AY,1,100,-2.057
1777235709.623737,231296.000,37586,3,AY,1,100,-1.878
1777235709.663738,231336.000,37586,3,AY,1,100,-1.496
1777235709.703739,231376.000,37586,3,AY,1,100,-1.325
1777235709.743740,231416.000,37604,2,AY,1,100,-1.375
1777235709.783741,231456.000,37604,2,AY,1,100,-1.237
1777235709.823741,231496.000,37628,4,AY,1,100,-1.001
1777235709.863742,231536.000,37628,4,AY,1,100,-0.840
1777235709.903743,231576.000,37628,4,AY,1,100,-0.798
1777235709.943744,231616.000,37628,4,AY,1,100,-0.833
1777235709.983745,231656.000,37643,2,AY,1,100,-0.928
1777235710.023746,231696.000,37643,2,AY,1,100,-1.008
1777235710.063747,231736.000,37664,3,AY,1,100,-1.290
1777235710.103747,231776.000,37664,3,AY,1,100,-1.628
1777235710.143748,231816.000,37664,3,AY,1,100,-1.890
1777235710.183749,231856.000,37681,2,AY,1,100,-2.163
1777235710.223750,231896.000,37681,2,AY,1,100,-2.090
1777235710.263751,231936.000,37699,3,AY,1,100,-1.833
1777235710.303752,231976.000,37699,3,AY,1,100,-1.456
1777235710.343753,232016.000,37699,3,AY,1,100,-1.086
1777235710.383753,232056.000,37716,2,AY,1,100,-0.922
1777235710.423754,232096.000,37716,2,AY,1,100,-0.620
1777235710.463755,232136.000,37733,3,AY,1,100,-0.321
1777235710.503756,232176.000,37733,3,AY,1,100,-0.171
1777235710.543757,232216.000,37733,3,AY,1,100,-0.083
1777235710.579091,232251.333,37750,3,AY,1,100,-0.107
1777235710.614425,232286.667,37750,3,AY,1,100,-0.243
1777235710.649759,232322.000,37750,3,AY,1,100,-0.457
1777235710.689760,232362.000,37769,2,AY,1,100,-0.635
1777235710.729761,232402.000,37769,2,AY,1,100,-0.847
1777235710.769762,232442.000,37785,3,AY,1,100,-1.238
1777235710.809762,232482.000,37785,3,AY,1,100,-1.505
1777235710.849763,232522.000,37785,3,AY,1,100,-1.496
1777235710.889764,232562.000,37804,2,AY,1,100,-1.378
1777235710.929765,232602.000,37804,2,AY,1,100,-1.088
1777235710.969766,232642.000,37822,3,AY,1,100,-1.325
1777235711.009767,232682.000,37822,3,AY,1,100,-1.634
1777235711.049767,232722.000,37822,3,AY,1,100,-1.894
1777235711.089768,232762.000,37840,2,AY,1,100,-1.896
1777235711.129769,232802.000,37840,2,AY,1,100,-1.594
1777235711.169770,232842.000,37857,3,AY,1,100,-1.182
1777235711.209771,232882.000,37857,3,AY,1,100,-0.696
1777235711.249772,232922.000,37857,3,AY,1,100,-0.241
1777235711.289773,232962.000,37873,2,AY,1,100,0.077
1777235711.329773,233002.000,37873,2,AY,1,100,0.338
1777235711.369774,233042.000,37891,3,AY,1,100,0.506
1777235711.409775,233082.000,37891,3,AY,1,100,0.207
1777235711.449776,233122.000,37891,3,AY,1,100,0.041
1777235711.489777,233162.000,37909,3,AY,1,100,-0.246
1777235711.529778,233202.000,37909,3,AY,1,100,-0.684
1777235711.569778,233242.000,37909,3,AY,1,100,-1.059
1777235711.609779,233282.000,37926,2,AY,1,100,-1.254
1777235711.649780,233322.000,37926,2,AY,1,100,-1.525
1777235711.689781,233362.000,37945,3,AY,1,100,-1.582
1777235711.729782,233402.000,37945,3,AY,1,100,-1.528
1777235711.769783,233442.000,37945,3,AY,1,100,-1.168
1777235711.809784,233482.000,37962,2,AY,1,100,-1.052
1777235711.849784,233522.000,37962,2,AY,1,100,-1.277
1777235711.889785,233562.000,37980,3,AY,1,100,-1.543
1777235711.929786,233602.000,37980,3,AY,1,100,-1.786
1777235711.969787,233642.000,37980,3,AY,1,100,-1.553
1777235712.009788,233682.000,37998,2,AY,1,100,-1.004
1777235712.049789,233722.000,37998,2,AY,1,100,-0.435
1777235712.089789,233762.000,38014,3,AY,1,100,0.047
1777235712.129790,233802.000,38014,3,AY,1,100,0.439
1777235712.169791,233842.000,38014,3,AY,1,100,0.400
1777235712.209792,233882.000,38031,2,AY,1,100,0.241
1777235712.249793,233922.000,38031,2,AY,1,100,-0.064
1777235712.289794,233962.000,38049,3,AY,1,100,-0.374
1777235712.329795,234002.000,38049,3,AY,1,100,-1.205
1777235712.369795,234042.000,38049,3,AY,1,100,-1.658
1777235712.409296,234081.500,38067,2,AY,1,100,-1.737
1777235712.448797,234121.000,38067,2,AY,1,100,-2.178
1777235712.489131,234161.333,38085,3,AY,1,100,-2.076
1777235712.529465,234201.667,38085,3,AY,1,100,-1.559
1777235712.569800,234242.000,38085,3,AY,1,100,-1.096
1777235712.609301,234281.500,38102,2,AY,1,100,-1.004
1777235712.648801,234321.000,38102,2,AY,1,100,-1.587
1777235712.689136,234361.333,38121,3,AY,1,100,-1.945
1777235712.729470,234401.667,38121,3,AY,1,100,-1.768
1777235712.769804,234442.000,38121,3,AY,1,100,-1.112
1777235712.805471,234477.667,38138,3,AY,1,100,-0.724
1777235712.841139,234513.333,38138,3,AY,1,100,-0.378
1777235712.876806,234549.000,38138,3,AY,1,100,-0.093
1777235712.916807,234589.000,38154,2,AY,1,100,0.297
1777235712.956808,234629.000,38154,2,AY,1,100,0.333
1777235712.996809,234669.000,38172,3,AY,1,100,0.204
1777235713.036809,234709.000,38172,3,AY,1,100,-0.004
1777235713.076810,234749.000,38172,3,AY,1,100,-0.428
1777235713.116811,234789.000,38190,3,AY,1,100,-1.748
1777235713.156812,234829.000,38190,3,AY,1,100,-1.709
1777235713.196813,234869.000,38190,3,AY,1,100,-1.723
1777235713.236814,234909.000,38207,2,AY,1,100,-1.845
1777235713.276815,234949.000,38207,2,AY,1,100,-1.578
1777235713.316815,234989.000,38228,3,AY,1,100,-1.364
1777235713.356816,235029.000,38228,3,AY,1,100,-0.903
1777235713.396817,235069.000,38228,3,AY,1,100,-0.545
1777235713.436818,235109.000,38243,2,AY,1,100,-1.059
1777235713.476819,235149.000,38243,2,AY,1,100,-2.129
1777235713.516820,235189.000,38261,3,AY,1,100,-2.561
1777235713.556821,235229.000,38261,3,AY,1,100,-2.325
1777235713.596821,235269.000,38261,3,AY,1,100,-1.760
1777235713.636822,235309.000,38278,2,AY,1,100,-0.921
1777235713.676823,235349.000,38278,2,AY,1,100,-0.291
1777235713.716824,235389.000,38297,3,AY,1,100,0.059
1777235713.756825,235429.000,38297,3,AY,1,100,0.320
1777235713.796826,235469.000,38297,3,AY,1,100,0.135
1777235713.836827,235509.000,38312,2,AY,1,100,-0.273
1777235713.876827,235549.000,38312,2,AY,1,100,-0.411
1777235713.916828,235589.000,38330,3,AY,1,100,-0.805
1777235713.956829,235629.000,38330,3,AY,1,100,-1.339
1777235713.996830,235669.000,38330,3,AY,1,100,-1.906
1777235714.036331,235708.500,38348,2,AY,1,100,-2.504
1777235714.075832,235748.000,38348,2,AY,1,100,-3.039
1777235714.115832,235788.000,38368,3,AY,1,100,-1.863
1777235714.155833,235828.000,38368,3,AY,1,100,-0.561
1777235714.195834,235868.000,38368,3,AY,1,100,0.071
1777235714.235835,235908.000,38383,2,AY,1,100,-0.189
1777235714.275836,235948.000,38383,2,AY,1,100,-0.564
1777235714.315837,235988.000,38402,3,AY,1,100,-0.694
1777235714.355838,236028.000,38402,3,AY,1,100,-0.553
1777235714.395838,236068.000,38402,3,AY,1,100,-0.600
1777235714.435839,236108.000,38419,3,AY,1,100,-0.641
1777235714.475840,236148.000,38419,3,AY,1,100,-0.457
1777235714.515841,236188.000,38419,3,AY,1,100,0.076
1777235714.555842,236228.000,38437,2,AY,1,100,-0.083
1777235714.595843,236268.000,38437,2,AY,1,100,0.006
1777235714.635844,236308.000,38454,3,AY,1,100,-0.198
1777235714.675844,236348.000,38454,3,AY,1,100,-0.311
1777235714.715845,236388.000,38454,3,AY,1,100,-0.463
1777235714.755846,236428.000,38473,2,AY,1,100,-0.577
1777235714.795847,236468.000,38473,2,AY,1,100,-1.287
1777235714.835848,236508.000,38490,3,AY,1,100,-2.287
1777235714.875849,236548.000,38490,3,AY,1,100,-2.684
1777235714.915849,236588.000,38490,3,AY,1,100,-2.439
1777235714.955850,236628.000,38513,3,AY,1,100,-0.768
1777235714.995851,236668.000,38513,3,AY,1,100,-0.561
1777235715.035852,236708.000,38513,3,AY,1,100,-0.447
1777235715.075853,236748.000,38533,3,AY,1,100,-0.469
1777235715.115854,236788.000,38533,3,AY,1,100,-0.327
1777235715.155854,236828.000,38533,3,AY,1,100,-0.333
1777235715.195855,236868.000,38550,2,AY,1,100,-0.384
1777235715.235856,236908.000,38550,2,AY,1,100,-0.740
1777235715.271523,236943.667,38566,3,AY,1,100,-0.479
1777235715.307191,236979.333,38566,3,AY,1,100,-0.275
1777235715.342858,237015.000,38566,3,AY,1,100,-0.424
1777235715.382859,237055.000,38585,3,AY,1,100,-0.406
1777235715.422860,237095.000,38585,3,AY,1,100,-0.774
1777235715.462861,237135.000,38585,3,AY,1,100,-0.907
1777235715.502862,237175.000,38602,2,AY,1,100,-0.914
1777235715.542863,237215.000,38602,2,AY,1,100,-1.215
1777235715.582864,237255.000,38622,3,AY,1,100,-1.849
1777235715.622864,237295.000,38622,3,AY,1,100,-3.237
1777235715.662865,237335.000,38622,3,AY,1,100,-3.000
1777235715.702366,237374.500,38638,2,AY,1,100,-1.908
1777235715.741867,237414.000,38638,2,AY,1,100,-0.973
1777235715.782201,237454.333,38656,3,AY,1,100,-0.466
1777235715.822535,237494.667,38656,3,AY,1,100,-0.798
1777235715.862870,237535.000,38656,3,AY,1,100,-0.706
1777235715.902870,237575.000,38673,2,AY,1,100,-0.526
1777235715.942871,237615.000,38673,2,AY,1,100,-0.303
1777235715.982872,237655.000,38692,3,AY,1,100,-1.085
1777235716.022873,237695.000,38692,3,AY,1,100,-0.494
1777235716.062874,237735.000,38692,3,AY,1,100,-0.460
1777235716.102875,237775.000,38707,2,AY,1,100,-0.620
1777235716.142875,237815.000,38707,2,AY,1,100,-0.460
1777235716.182876,237855.000,38725,3,AY,1,100,-0.502
1777235716.222877,237895.000,38725,3,AY,1,100,-0.765
1777235716.262878,237935.000,38725,3,AY,1,100,-1.004
1777235716.302379,237974.500,38744,2,AY,1,100,-1.060
1777235716.341880,238014.000,38744,2,AY,1,100,-1.767
1777235716.382214,238054.333,38763,3,AY,1,100,-2.506
1777235716.422548,238094.667,38763,3,AY,1,100,-2.841
1777235716.462882,238135.000,38763,3,AY,1,100,-1.871
1777235716.502383,238174.500,38778,2,AY,1,100,-1.112
1777235716.541884,238214.000,38778,2,AY,1,100,-0.544
1777235716.581885,238254.000,38796,3,AY,1,100,-0.505
1777235716.621886,238294.000,38796,3,AY,1,100,-0.724
1777235716.661886,238334.000,38796,3,AY,1,100,-0.814
1777235716.702220,238374.333,38814,3,AY,1,100,-0.930
1777235716.742555,238414.667,38814,3,AY,1,100,-1.135
1777235716.782889,238455.000,38814,3,AY,1,100,-0.692
1777235716.822890,238495.000,38832,2,AY,1,100,-0.407
1777235716.862890,238535.000,38832,2,AY,1,100,-0.434
1777235716.902891,238575.000,38847,3,AY,1,100,-0.305
1777235716.942892,238615.000,38847,3,AY,1,100,-0.329
1777235716.982893,238655.000,38847,3,AY,1,100,-0.580
1777235717.022894,238695.000,38866,2,AY,1,100,-0.732
1777235717.062895,238735.000,38866,2,AY,1,100,-1.137
1777235717.102896,238775.000,38885,3,AY,1,100,-2.560
1777235717.142896,238815.000,38885,3,AY,1,100,-3.004
1777235717.182897,238855.000,38885,3,AY,1,100,-2.382
1777235717.222898,238895.000,38903,2,AY,1,100,-1.145
1777235717.262899,238935.000,38903,2,AY,1,100,-0.397
1777235717.302900,238975.000,38919,3,AY,1,100,-0.203
1777235717.342901,239015.000,38919,3,AY,1,100,-0.216
1777235717.382902,239055.000,38919,3,AY,1,100,-0.366
1777235717.422902,239095.000,38937,2,AY,1,100,-0.609
1777235717.462903,239135.000,38937,2,AY,1,100,-1.552
1777235717.502904,239175.000,38954,3,AY,1,100,-1.610
1777235717.542905,239215.000,38954,3,AY,1,100,-0.981
1777235717.582906,239255.000,38954,3,AY,1,100,-0.736
1777235717.618240,239290.333,38972,3,AY,1,100,-0.358
1777235717.653574,239325.667,38972,3,AY,1,100,-0.171
1777235717.688908,239361.000,38972,3,AY,1,100,-0.271
1777235717.728909,239401.000,38990,2,AY,1,100,-0.274
1777235717.768910,239441.000,38990,2,AY,1,100,-0.745
1777235717.808911,239481.000,39008,3,AY,1,100,-2.092
1777235717.848912,239521.000,39008,3,AY,1,100,-2.866
1777235717.888912,239561.000,39008,3,AY,1,100,-2.646
1777235717.928913,239601.000,39025,2,AY,1,100,-1.351
1777235717.968914,239641.000,39025,2,AY,1,100,-0.732
1777235718.008915,239681.000,39044,3,AY,1,100,-0.263
1777235718.048916,239721.000,39044,3,AY,1,100,-0.230
1777235718.088917,239761.000,39044,3,AY,1,100,-0.334
1777235718.128917,239801.000,39061,2,AY,1,100,-0.542
1777235718.168918,239841.000,39061,2,AY,1,100,-1.277
1777235718.208919,239881.000,39077,3,AY,1,100,-1.286
1777235718.248920,239921.000,39077,3,AY,1,100,-0.807
1777235718.288921,239961.000,39077,3,AY,1,100,-0.557
1777235718.328922,240001.000,39095,3,AY,1,100,-0.375
1777235718.368922,240041.000,39095,3,AY,1,100,-0.298
1777235718.408923,240081.000,39095,3,AY,1,100,-0.577
1777235718.448924,240121.000,39113,2,AY,1,100,-0.676
1777235718.488925,240161.000,39113,2,AY,1,100,-1.317
1777235718.528926,240201.000,39132,3,AY,1,100,-2.322
1777235718.568927,240241.000,39132,3,AY,1,100,-2.698
1777235718.608927,240281.000,39132,3,AY,1,100,-2.346
1777235718.648928,240321.000,39148,2,AY,1,100,-1.033
1777235718.688929,240361.000,39148,2,AY,1,100,-0.247
1777235718.728930,240401.000,39166,3,AY,1,100,-0.116
1777235718.768931,240441.000,39166,3,AY,1,100,-0.220
1777235718.808932,240481.000,39166,3,AY,1,100,-0.291
1777235718.848933,240521.000,39184,2,AY,1,100,-0.596
1777235718.888933,240561.000,39184,2,AY,1,100,-1.697
1777235718.928934,240601.000,39201,3,AY,1,100,-1.395
1777235718.968935,240641.000,39201,3,AY,1,100,-1.079
1777235719.008936,240681.000,39201,3,AY,1,100,-0.807
1777235719.048937,240721.000,39218,2,AY,1,100,-0.708
1777235719.088938,240761.000,39218,2,AY,1,100,-0.578
1777235719.128938,240801.000,39235,3,AY,1,100,-0.524
1777235719.168939,240841.000,39235,3,AY,1,100,-0.831
1777235719.208940,240881.000,39235,3,AY,1,100,-1.290
1777235719.248941,240921.000,39255,2,AY,1,100,-2.261
1777235719.288942,240961.000,39255,2,AY,1,100,-2.546
1777235719.328943,241001.000,39273,3,AY,1,100,-2.130
1777235719.368944,241041.000,39273,3,AY,1,100,-1.226
1777235719.408944,241081.000,39273,3,AY,1,100,-0.577
1777235719.448945,241121.000,39290,2,AY,1,100,-0.224
1777235719.488946,241161.000,39290,2,AY,1,100,-0.127
1777235719.528947,241201.000,39306,3,AY,1,100,-0.321
1777235719.568948,241241.000,39306,3,AY,1,100,-0.731
1777235719.608949,241281.000,39306,3,AY,1,100,-1.595
1777235719.648950,241321.000,39324,2,AY,1,100,-1.077
1777235719.688950,241361.000,39324,2,AY,1,100,-1.047
1777235719.728951,241401.000,39342,3,AY,1,100,-0.902
1777235719.768952,241441.000,39342,3,AY,1,100,-0.928
1777235719.808953,241481.000,39342,3,AY,1,100,-0.799
1777235719.844620,241516.667,39361,3,AY,1,100,-0.794
1777235719.880288,241552.333,39361,3,AY,1,100,-0.466
1777235719.915955,241588.000,39361,3,AY,1,100,-1.112
1777235719.955956,241628.000,39377,2,AY,1,100,-2.367
1777235719.995957,241668.000,39377,2,AY,1,100,-2.983
1777235720.035958,241708.000,39403,4,AY,1,100,-2.160
1777235720.075958,241748.000,39403,4,AY,1,100,-1.190
1777235720.115959,241788.000,39403,4,AY,1,100,-0.504
1777235720.155960,241828.000,39403,4,AY,1,100,-0.114
1777235720.195961,241868.000,39420,2,AY,1,100,0.034
1777235720.235962,241908.000,39420,2,AY,1,100,-0.263
1777235720.275963,241948.000,39438,3,AY,1,100,-0.636
1777235720.315964,241988.000,39438,3,AY,1,100,-1.301
1777235720.355964,242028.000,39438,3,AY,1,100,-0.701
1777235720.395965,242068.000,39456,2,AY,1,100,-1.003
1777235720.435966,242108.000,39456,2,AY,1,100,-0.746
1777235720.475967,242148.000,39474,3,AY,1,100,-0.594
1777235720.515968,242188.000,39474,3,AY,1,100,-0.418
1777235720.555969,242228.000,39474,3,AY,1,100,-0.736
1777235720.595970,242268.000,39491,3,AY,1,100,-0.957
1777235720.635970,242308.000,39491,3,AY,1,100,-3.042
1777235720.675971,242348.000,39491,3,AY,1,100,-3.571
1777235720.715972,242388.000,39510,2,AY,1,100,-3.474
1777235720.755973,242428.000,39510,2,AY,1,100,-2.227
1777235720.795974,242468.000,39527,3,AY,1,100,-1.269
1777235720.835975,242508.000,39527,3,AY,1,100,-0.707
1777235720.875976,242548.000,39527,3,AY,1,100,0.310
1777235720.915976,242588.000,39543,2,AY,1,100,0.536
1777235720.955977,242628.000,39543,2,AY,1,100,-0.346
1777235720.995978,242668.000,39561,3,AY,1,100,-1.314
1777235721.035979,242708.000,39561,3,AY,1,100,-2.156
1777235721.075980,242748.000,39561,3,AY,1,100,-2.620
1777235721.115981,242788.000,39579,2,AY,1,100,-3.052
1777235721.155982,242828.000,39579,2,AY,1,100,-1.928
1777235721.195982,242868.000,39596,3,AY,1,100,-1.883
1777235721.235983,242908.000,39596,3,AY,1,100,-2.127
1777235721.275984,242948.000,39596,3,AY,1,100,-1.596
1777235721.315985,242988.000,39613,2,AY,1,100,-1.469
1777235721.355986,243028.000,39613,2,AY,1,100,-1.504
1777235721.395987,243068.000,39630,3,AY,1,100,-0.791
1777235721.435987,243108.000,39630,3,AY,1,100,-0.724
1777235721.475988,243148.000,39630,3,AY,1,100,-0.853
1777235721.515989,243188.000,39650,2,AY,1,100,-0.882
1777235721.555990,243228.000,39650,2,AY,1,100,-1.175
1777235721.595991,243268.000,39667,3,AY,1,100,-2.396
1777235721.635992,243308.000,39667,3,AY,1,100,-2.771
1777235721.675992,243348.000,39667,3,AY,1,100,-2.959
1777235721.715993,243388.000,39685,2,AY,1,100,-2.968
1777235721.755994,243428.000,39685,2,AY,1,100,-2.259
1777235721.795995,243468.000,39701,3,AY,1,100,-1.492
1777235721.835996,243508.000,39701,3,AY,1,100,-0.889
1777235721.875997,243548.000,39701,3,AY,1,100,-0.028
1777235721.915998,243588.000,39719,3,AY,1,100,0.562
1777235721.955998,243628.000,39719,3,AY,1,100,0.171
1777235721.995999,243668.000,39719,3,AY,1,100,-0.675
1777235722.036000,243708.000,39737,2,AY,1,100,-1.013
1777235722.076001,243748.000,39737,2,AY,1,100,-1.653
1777235722.116002,243788.000,39757,3,AY,1,100,-1.991
1777235722.156003,243828.000,39757,3,AY,1,100,-2.636
1777235722.196003,243868.000,39757,3,AY,1,100,-2.666
1777235722.231338,243903.333,39772,3,AY,1,100,-2.593
1777235722.266672,243938.667,39772,3,AY,1,100,-2.241
1777235722.302006,243974.000,39772,3,AY,1,100,-1.667
1777235722.342007,244014.000,39791,2,AY,1,100,-1.000
1777235722.382007,244054.000,39791,2,AY,1,100,-0.417
1777235722.422008,244094.000,39808,3,AY,1,100,-0.409
1777235722.462009,244134.000,39808,3,AY,1,100,-0.889
1777235722.502010,244174.000,39808,3,AY,1,100,-1.502
1777235722.542011,244214.000,39826,2,AY,1,100,-2.375
1777235722.582012,244254.000,39826,2,AY,1,100,-3.009
1777235722.622013,244294.000,39841,3,AY,1,100,-2.935
1777235722.662013,244334.000,39841,3,AY,1,100,-2.641
1777235722.702014,244374.000,39841,3,AY,1,100,-2.102
1777235722.742015,244414.000,39860,2,AY,1,100,-1.764
1777235722.782016,244454.000,39860,2,AY,1,100,-0.745
1777235722.822017,244494.000,39877,3,AY,1,100,0.491
1777235722.862018,244534.000,39877,3,AY,1,100,0.329
1777235722.902019,244574.000,39877,3,AY,1,100,-0.261
1777235722.942019,244614.000,39895,2,AY,1,100,-0.689
1777235722.982020,244654.000,39895,2,AY,1,100,-0.844
1777235723.022021,244694.000,39911,3,AY,1,100,-1.968
1777235723.062022,244734.000,39911,3,AY,1,100,-2.716
1777235723.102023,244774.000,39911,3,AY,1,100,-3.188
1777235723.142024,244814.000,39931,3,AY,1,100,-2.906
1777235723.182024,244854.000,39931,3,AY,1,100,-2.843
1777235723.222025,244894.000,39931,3,AY,1,100,-2.128
1777235723.262026,244934.000,39948,2,AY,1,100,-1.389
1777235723.302027,244974.000,39948,2,AY,1,100,-0.808
1777235723.342028,245014.000,39967,3,AY,1,100,-0.525
1777235723.382029,245054.000,39967,3,AY,1,100,-0.269
1777235723.422029,245094.000,39967,3,AY,1,100,-0.540
1777235723.462030,245134.000,39983,2,AY,1,100,-0.982
1777235723.502031,245174.000,39983,2,AY,1,100,-2.172
1777235723.542032,245214.000,40000,3,AY,1,100,-3.232
1777235723.582033,245254.000,40000,3,AY,1,100,-3.703
1777235723.622034,245294.000,40000,3,AY,1,100,-3.449
1777235723.662035,245334.000,40017,2,AY,1,100,-2.823
1777235723.702035,245374.000,40017,2,AY,1,100,-1.799
1777235723.742036,245414.000,40036,3,AY,1,100,-1.592
1777235723.782037,245454.000,40036,3,AY,1,100,-1.165
1777235723.822038,245494.000,40036,3,AY,1,100,-0.633
1777235723.862039,245534.000,40053,2,AY,1,100,-0.058
1777235723.902040,245574.000,40053,2,AY,1,100,0.258
1777235723.942040,245614.000,40069,3,AY,1,100,-0.347
1777235723.982041,245654.000,40069,3,AY,1,100,-0.470
1777235724.022042,245694.000,40069,3,AY,1,100,-0.738
1777235724.062043,245734.000,40087,2,AY,1,100,-1.858
1777235724.102044,245774.000,40087,2,AY,1,100,-3.298
1777235724.142045,245814.000,40107,3,AY,1,100,-3.575
1777235724.182045,245854.000,40107,3,AY,1,100,-2.997
1777235724.222046,245894.000,40107,3,AY,1,100,-2.508
1777235724.262047,245934.000,40124,2,AY,1,100,-1.848
1777235724.302048,245974.000,40124,2,AY,1,100,-1.476
1777235724.342049,246014.000,40141,3,AY,1,100,-0.989
1777235724.382050,246054.000,40141,3,AY,1,100,-0.690
1777235724.422051,246094.000,40141,3,AY,1,100,-0.394
1777235724.457718,246129.667,40158,3,AY,1,100,-0.316
1777235724.493386,246165.333,40158,3,AY,1,100,-0.651
1777235724.529053,246201.000,40158,3,AY,1,100,-1.180
1777235724.569054,246241.000,40176,2,AY,1,100,-2.401
1777235724.609055,246281.000,40176,2,AY,1,100,-3.259
1777235724.649055,246321.000,40194,3,AY,1,100,-3.362
1777235724.689056,246361.000,40194,3,AY,1,100,-3.043
1777235724.729057,246401.000,40194,3,AY,1,100,-2.207
1777235724.769058,246441.000,40210,2,AY,1,100,-1.499
1777235724.809059,246481.000,40210,2,AY,1,100,-1.066
1777235724.849060,246521.000,40227,3,AY,1,100,-0.619
1777235724.889060,246561.000,40227,3,AY,1,100,-0.129
1777235724.929061,246601.000,40227,3,AY,1,100,-0.214
1777235724.968729,246640.667,40245,3,AY,1,100,-0.723
1777235725.008396,246680.333,40245,3,AY,1,100,-0.606
1777235725.048064,246720.000,40245,3,AY,1,100,-0.964
1777235725.088065,246760.000,40265,2,AY,1,100,-1.869
1777235725.128066,246800.000,40265,2,AY,1,100,-3.283
1777235725.168067,246840.000,40288,4,AY,1,100,-2.771
1777235725.208067,246880.000,40288,4,AY,1,100,-2.628
1777235725.248068,246920.000,40288,4,AY,1,100,-2.065
1777235725.288069,246960.000,40288,4,AY,1,100,-1.646
1777235725.328070,247000.000,40306,2,AY,1,100,-1.017
1777235725.368071,247040.000,40306,2,AY,1,100,-0.642
1777235725.408072,247080.000,40322,3,AY,1,100,-0.337
1777235725.448072,247120.000,40322,3,AY,1,100,-0.463
1777235725.488073,247160.000,40322,3,AY,1,100,-0.733
1777235725.528074,247200.000,40339,2,AY,1,100,-1.562
1777235725.568075,247240.000,40339,2,AY,1,100,-2.381
1777235725.608076,247280.000,40357,3,AY,1,100,-3.275
1777235725.648077,247320.000,40357,3,AY,1,100,-3.383
1777235725.688077,247360.000,40357,3,AY,1,100,-2.622
1777235725.728078,247400.000,40375,2,AY,1,100,-1.826
1777235725.768079,247440.000,40375,2,AY,1,100,-1.476
1777235725.808080,247480.000,40391,3,AY,1,100,-0.640
1777235725.848081,247520.000,40391,3,AY,1,100,-0.158
1777235725.888082,247560.000,40391,3,AY,1,100,-0.327
1777235725.928082,247600.000,40408,3,AY,1,100,-0.248
1777235725.968083,247640.000,40408,3,AY,1,100,-0.237
1777235726.008084,247680.000,40408,3,AY,1,100,-0.468
1777235726.048085,247720.000,40427,2,AY,1,100,-0.800
1777235726.088086,247760.000,40427,2,AY,1,100,-1.974
1777235726.128087,247800.000,40446,3,AY,1,100,-3.113
1777235726.168087,247840.000,40446,3,AY,1,100,-3.356
1777235726.208088,247880.000,40446,3,AY,1,100,-2.938
1777235726.248089,247920.000,40462,2,AY,1,100,-2.721
1777235726.288090,247960.000,40462,2,AY,1,100,-1.483
1777235726.328091,248000.000,40480,3,AY,1,100,-0.987
1777235726.368092,248040.000,40480,3,AY,1,100,-0.565
1777235726.408093,248080.000,40480,3,AY,1,100,-0.457
1777235726.448093,248120.000,40498,2,AY,1,100,-0.422
1777235726.488094,248160.000,40498,2,AY,1,100,-0.567
1777235726.528095,248200.000,40515,3,AY,1,100,-0.949
1777235726.568096,248240.000,40515,3,AY,1,100,-1.730
1777235726.608097,248280.000,40515,3,AY,1,100,-2.925
1777235726.648098,248320.000,40531,2,AY,1,100,-3.459
1777235726.688099,248360.000,40531,2,AY,1,100,-3.433
1777235726.728099,248400.000,40549,3,AY,1,100,-3.033
1777235726.768100,248440.000,40549,3,AY,1,100,-2.252
1777235726.808101,248480.000,40549,3,AY,1,100,-1.703
1777235726.848102,248520.000,40567,2,AY,1,100,-1.361
1777235726.888103,248560.000,40567,2,AY,1,100,-0.382
1777235726.923770,248595.667,40584,3,AY,1,100,0.092
1777235726.959438,248631.333,40584,3,AY,1,100,0.132
1777235726.995105,248667.000,40584,3,AY,1,100,0.017
1777235727.035106,248707.000,40601,3,AY,1,100,-0.159
1777235727.075107,248747.000,40601,3,AY,1,100,-0.347
1777235727.115108,248787.000,40601,3,AY,1,100,-0.788
1777235727.155108,248827.000,40620,2,AY,1,100,-2.268
1777235727.195109,248867.000,40620,2,AY,1,100,-2.605
1777235727.235110,248907.000,40638,3,AY,1,100,-2.955
1777235727.275111,248947.000,40638,3,AY,1,100,-2.805
1777235727.315112,248987.000,40638,3,AY,1,100,-2.549
1777235727.355113,249027.000,40656,2,AY,1,100,-2.242
1777235727.395113,249067.000,40656,2,AY,1,100,-1.550
1777235727.435114,249107.000,40673,3,AY,1,100,-0.903
1777235727.475115,249147.000,40673,3,AY,1,100,-0.679
1777235727.515116,249187.000,40673,3,AY,1,100,-0.428
1777235727.555117,249227.000,40689,2,AY,1,100,-0.524
1777235727.595118,249267.000,40689,2,AY,1,100,-0.745
1777235727.635119,249307.000,40708,3,AY,1,100,-1.069
1777235727.675119,249347.000,40708,3,AY,1,100,-1.671
1777235727.715120,249387.000,40708,3,AY,1,100,-2.251
1777235727.755121,249427.000,40725,2,AY,1,100,-2.607
1777235727.795122,249467.000,40725,2,AY,1,100,-2.563
1777235727.835123,249507.000,40743,3,AY,1,100,-2.289
1777235727.875124,249547.000,40743,3,AY,1,100,-1.856
1777235727.915125,249587.000,40743,3,AY,1,100,-1.286
1777235727.955125,249627.000,40758,2,AY,1,100,-0.854
1777235727.995126,249667.000,40758,2,AY,1,100,-0.472
1777235728.035127,249707.000,40777,3,AY,1,100,0.032
1777235728.075128,249747.000,40777,3,AY,1,100,0.105
1777235728.115129,249787.000,40777,3,AY,1,100,-0.053
1777235728.155130,249827.000,40794,3,AY,1,100,-0.435
1777235728.195131,249867.000,40794,3,AY,1,100,-0.697
1777235728.235131,249907.000,40794,3,AY,1,100,-0.935
1777235728.275132,249947.000,40812,2,AY,1,100,-1.579
1777235728.315133,249987.000,40812,2,AY,1,100,-2.379
1777235728.355134,250027.000,40830,3,AY,1,100,-2.735
1777235728.395135,250067.000,40830,3,AY,1,100,-2.530
1777235728.435136,250107.000,40830,3,AY,1,100,-2.148
1777235728.475137,250147.000,40848,2,AY,1,100,-1.744
1777235728.515137,250187.000,40848,2,AY,1,100,-1.410
1777235728.555138,250227.000,40865,3,AY,1,100,-0.906
1777235728.595139,250267.000,40865,3,AY,1,100,-0.688
1777235728.635140,250307.000,40865,3,AY,1,100,-0.591
1777235728.675141,250347.000,40884,2,AY,1,100,-0.613
1777235728.715142,250387.000,40884,2,AY,1,100,-0.742
1777235728.755142,250427.000,40899,3,AY,1,100,-1.051
1777235728.795143,250467.000,40899,3,AY,1,100,-1.550
1777235728.835144,250507.000,40899,3,AY,1,100,-2.090
1777235728.875145,250547.000,40917,2,AY,1,100,-2.438
1777235728.915146,250587.000,40917,2,AY,1,100,-2.573
1777235728.955147,250627.000,40934,3,AY,1,100,-2.434
1777235728.995147,250667.000,40934,3,AY,1,100,-2.241
1777235729.035148,250707.000,40934,3,AY,1,100,-1.680
1777235729.075149,250747.000,40953,2,AY,1,100,-1.137
1777235729.115150,250787.000,40953,2,AY,1,100,-0.823
1777235729.155151,250827.000,40968,3,AY,1,100,-0.452
1777235729.195152,250867.000,40968,3,AY,1,100,0.149
1777235729.235152,250907.000,40968,3,AY,1,100,0.083
1777235729.270487,250942.333,40986,3,AY,1,100,0.039
1777235729.305821,250977.667,40986,3,AY,1,100,-0.259
1777235729.341155,251013.000,40986,3,AY,1,100,-0.566
1777235729.381155,251053.000,41004,2,AY,1,100,-0.686
1777235729.421156,251093.000,41004,2,AY,1,100,-1.354
1777235729.461157,251133.000,41024,3,AY,1,100,-2.203
1777235729.501158,251173.000,41024,3,AY,1,100,-2.435
1777235729.541159,251213.000,41024,3,AY,1,100,-2.486
1777235729.581160,251253.000,41040,2,AY,1,100,-2.276
1777235729.621161,251293.000,41040,2,AY,1,100,-2.034
1777235729.661161,251333.000,41058,3,AY,1,100,-1.730
1777235729.701162,251373.000,41058,3,AY,1,100,-1.192
1777235729.741163,251413.000,41058,3,AY,1,100,-0.850
1777235729.781164,251453.000,41075,3,AY,1,100,-0.664
1777235729.821165,251493.000,41075,3,AY,1,100,-0.576
1777235729.861166,251533.000,41075,3,AY,1,100,-0.529
1777235729.901167,251573.000,41093,2,AY,1,100,-0.681
1777235729.941167,251613.000,41093,2,AY,1,100,-0.907
1777235729.981168,251653.000,41111,3,AY,1,100,-1.137
1777235730.021169,251693.000,41111,3,AY,1,100,-1.434
1777235730.061170,251733.000,41111,3,AY,1,100,-1.661
1777235730.101171,251773.000,41129,2,AY,1,100,-2.174
1777235730.141172,251813.000,41129,2,AY,1,100,-2.319
1777235730.181173,251853.000,41146,3,AY,1,100,-1.988
1777235730.221173,251893.000,41146,3,AY,1,100,-1.449
1777235730.261174,251933.000,41146,3,AY,1,100,-1.077
1777235730.301175,251973.000,41172,3,AY,1,100,-0.691
1777235730.341176,252013.000,41172,3,AY,1,100,-0.314
1777235730.381177,252053.000,41172,3,AY,1,100,-0.021
1777235730.421178,252093.000,41189,3,AY,1,100,-0.747
1777235730.461179,252133.000,41189,3,AY,1,100,-1.191
1777235730.501179,252173.000,41189,3,AY,1,100,-1.572
1777235730.541180,252213.000,41207,2,AY,1,100,-2.475
1777235730.581181,252253.000,41207,2,AY,1,100,-2.713
1777235730.621182,252293.000,41224,3,AY,1,100,-2.228
1777235730.661183,252333.000,41224,3,AY,1,100,-1.700
1777235730.701184,252373.000,41224,3,AY,1,100,-1.451
1777235730.741184,252413.000,41243,2,AY,1,100,-0.931
1777235730.781185,252453.000,41243,2,AY,1,100,-0.647
1777235730.821186,252493.000,41260,3,AY,1,100,-0.482
1777235730.861187,252533.000,41260,3,AY,1,100,-0.491
1777235730.901188,252573.000,41260,3,AY,1,100,-0.657
1777235730.941189,252613.000,41278,3,AY,1,100,-0.860
1777235730.981189,252653.000,41278,3,AY,1,100,-1.299
1777235731.021190,252693.000,41278,3,AY,1,100,-2.285
1777235731.061191,252733.000,41295,2,AY,1,100,-1.989
1777235731.101192,252773.000,41295,2,AY,1,100,-2.222
1777235731.141193,252813.000,41312,3,AY,1,100,-2.306
1777235731.181194,252853.000,41312,3,AY,1,100,-1.941
1777235731.221195,252893.000,41312,3,AY,1,100,-1.390
1777235731.261195,252933.000,41329,2,AY,1,100,-0.875
1777235731.301196,252973.000,41329,2,AY,1,100,-0.147
1777235731.341197,253013.000,41348,3,AY,1,100,0.167
1777235731.381198,253053.000,41348,3,AY,1,100,-0.223
1777235731.421199,253093.000,41348,3,AY,1,100,-0.875
1777235731.461200,253133.000,41364,2,AY,1,100,-1.118
1777235731.501200,253173.000,41364,2,AY,1,100,-1.620
1777235731.536868,253208.667,41383,3,AY,1,100,-2.943
1777235731.572535,253244.333,41383,3,AY,1,100,-2.473
1777235731.608203,253280.000,41383,3,AY,1,100,-1.548
1777235731.648204,253320.000,41401,3,AY,1,100,-1.535
1777235731.688205,253360.000,41401,3,AY,1,100,-1.027
1777235731.728205,253400.000,41401,3,AY,1,100,-0.798
1777235731.768206,253440.000,41419,2,AY,1,100,-0.653
1777235731.808207,253480.000,41419,2,AY,1,100,-0.591
1777235731.848208,253520.000,41436,3,AY,1,100,-0.668
1777235731.888209,253560.000,41436,3,AY,1,100,-0.888
1777235731.928210,253600.000,41436,3,AY,1,100,-1.326
1777235731.968210,253640.000,41452,2,AY,1,100,-1.829
1777235732.008211,253680.000,41452,2,AY,1,100,-2.125
1777235732.048212,253720.000,41470,3,AY,1,100,-2.670
1777235732.088213,253760.000,41470,3,AY,1,100,-2.291
1777235732.128214,253800.000,41470,3,AY,1,100,-2.522
1777235732.168215,253840.000,41488,2,AY,1,100,-1.865
1777235732.208215,253880.000,41488,2,AY,1,100,-1.168
1777235732.248216,253920.000,41505,3,AY,1,100,-0.688
1777235732.288217,253960.000,41505,3,AY,1,100,0.041
1777235732.328218,254000.000,41505,3,AY,1,100,0.115
1777235732.368219,254040.000,41522,2,AY,1,100,-0.658
1777235732.408220,254080.000,41522,2,AY,1,100,-1.111
1777235732.448220,254120.000,41539,3,AY,1,100,-1.304
1777235732.488221,254160.000,41539,3,AY,1,100,-2.560
1777235732.528222,254200.000,41539,3,AY,1,100,-2.800
1777235732.568223,254240.000,41559,2,AY,1,100,-2.189
1777235732.608224,254280.000,41559,2,AY,1,100,-1.696
1777235732.648225,254320.000,41577,3,AY,1,100,-1.427
1777235732.688226,254360.000,41577,3,AY,1,100,-1.115
1777235732.728226,254400.000,41577,3,AY,1,100,-0.797
1777235732.768227,254440.000,41593,2,AY,1,100,-0.662
1777235732.808228,254480.000,41593,2,AY,1,100,-0.664
1777235732.848229,254520.000,41610,3,AY,1,100,-0.648
1777235732.888230,254560.000,41610,3,AY,1,100,-0.814
1777235732.928231,254600.000,41610,3,AY,1,100,-1.129
1777235732.968231,254640.000,41628,3,AY,1,100,-1.521
1777235733.008232,254680.000,41628,3,AY,1,100,-1.967
1777235733.048233,254720.000,41628,3,AY,1,100,-2.141
1777235733.088234,254760.000,41646,2,AY,1,100,-2.155
1777235733.128235,254800.000,41646,2,AY,1,100,-2.244
1777235733.167902,254839.667,41662,3,AY,1,100,-1.871
1777235733.207570,254879.333,41662,3,AY,1,100,-1.287
1777235733.247237,254919.000,41662,3,AY,1,100,-0.596
1777235733.287238,254959.000,41679,2,AY,1,100,-0.118
1777235733.327239,254999.000,41679,2,AY,1,100,0.022
1777235733.367573,255039.333,41698,3,AY,1,100,-0.557
1777235733.407907,255079.667,41698,3,AY,1,100,-1.109
1777235733.448242,255120.000,41698,3,AY,1,100,-1.386
1777235733.488243,255160.000,41715,2,AY,1,100,-2.176
1777235733.528243,255200.000,41715,2,AY,1,100,-2.698
1777235733.567911,255239.667,41735,3,AY,1,100,-2.018
1777235733.607579,255279.333,41735,3,AY,1,100,-1.367
1777235733.647246,255319.000,41735,3,AY,1,100,-1.062
1777235733.687747,255359.500,41751,2,AY,1,100,-0.830
1777235733.728248,255400.000,41751,2,AY,1,100,-0.600
1777235733.767915,255439.667,41769,3,AY,1,100,-0.409
1777235733.807583,255479.333,41769,3,AY,1,100,-0.304
1777235733.847250,255519.000,41769,3,AY,1,100,-0.269
1777235733.887251,255559.000,41786,3,AY,1,100,-0.319
1777235733.927252,255599.000,41786,3,AY,1,100,-0.524
1777235733.967253,255639.000,41786,3,AY,1,100,-0.806
1777235734.000753,255672.500,41805,2,AY,1,100,-1.350
1777235734.034254,255706.000,41805,2,AY,1,100,-1.684
1777235734.074255,255746.000,41820,3,AY,1,100,-1.998
1777235734.114256,255786.000,41820,3,AY,1,100,-1.807
1777235734.154257,255826.000,41820,3,AY,1,100,-1.795
1777235734.194257,255866.000,41838,3,AY,1,100,-2.052
1777235734.234258,255906.000,41838,3,AY,1,100,-1.905
1777235734.274259,255946.000,41838,3,AY,1,100,-1.812
1777235734.314260,255986.000,41855,2,AY,1,100,-1.613
1777235734.354261,256026.000,41855,2,AY,1,100,-1.660
1777235734.394262,256066.000,41874,3,AY,1,100,-1.668
1777235734.434263,256106.000,41874,3,AY,1,100,-1.841
1777235734.474263,256146.000,41874,3,AY,1,100,-1.799
1777235734.514264,256186.000,41891,2,AY,1,100,-1.113
1777235734.554265,256226.000,41891,2,AY,1,100,-0.572
1777235734.594266,256266.000,41909,3,AY,1,100,-0.446
1777235734.634267,256306.000,41909,3,AY,1,100,-0.377
1777235734.674268,256346.000,41909,3,AY,1,100,-0.643
1777235734.714268,256386.000,41927,2,AY,1,100,-1.220
1777235734.754269,256426.000,41927,2,AY,1,100,-1.580
1777235734.794270,256466.000,41945,3,AY,1,100,-1.394
1777235734.834271,256506.000,41945,3,AY,1,100,-1.467
1777235734.874272,256546.000,41945,3,AY,1,100,-1.175
1777235734.914273,256586.000,41960,2,AY,1,100,-0.896
1777235734.954274,256626.000,41960,2,AY,1,100,-0.890
1777235734.994274,256666.000,41981,3,AY,1,100,-0.737
1777235735.034275,256706.000,41981,3,AY,1,100,-0.595
1777235735.074276,256746.000,41981,3,AY,1,100,-0.451
1777235735.114277,256786.000,42000,2,AY,1,100,-0.407
1777235735.154278,256826.000,42000,2,AY,1,100,-0.747
1777235735.194279,256866.000,42018,3,AY,1,100,-1.091
1777235735.234280,256906.000,42018,3,AY,1,100,-0.956
1777235735.274280,256946.000,42018,3,AY,1,100,-0.758
1777235735.314281,256986.000,42034,2,AY,1,100,-0.453
1777235735.354282,257026.000,42034,2,AY,1,100,-0.501
1777235735.394283,257066.000,42058,4,AY,1,100,-0.622
1777235735.434284,257106.000,42058,4,AY,1,100,-0.773
1777235735.474285,257146.000,42058,4,AY,1,100,-0.524
1777235735.514286,257186.000,42058,4,AY,1,100,-0.409
1777235735.554286,257226.000,42074,2,AY,1,100,-0.326
1777235735.594287,257266.000,42074,2,AY,1,100,-0.367
1777235735.634288,257306.000,42093,3,AY,1,100,-0.484
1777235735.674289,257346.000,42093,3,AY,1,100,-0.563
1777235735.714290,257386.000,42093,3,AY,1,100,-0.563
1777235735.754291,257426.000,42110,2,AY,1,100,-0.456
1777235735.794291,257466.000,42110,2,AY,1,100,-0.546
1777235735.834292,257506.000,42128,3,AY,1,100,-0.903
1777235735.874293,257546.000,42128,3,AY,1,100,-0.639
1777235735.914294,257586.000,42128,3,AY,1,100,-0.431
1777235735.954295,257626.000,42145,2,AY,1,100,-0.105
1777235735.994296,257666.000,42145,2,AY,1,100,-0.174
1777235736.034630,257706.333,42164,3,AY,1,100,-0.296
1777235736.074964,257746.667,42164,3,AY,1,100,-0.419
1777235736.115298,257787.000,42164,3,AY,1,100,-0.319
1777235736.155299,257827.000,42181,3,AY,1,100,-0.401
1777235736.195300,257867.000,42181,3,AY,1,100,-0.563
1777235736.235301,257907.000,42181,3,AY,1,100,-0.757
1777235736.268301,257940.000,42199,2,AY,1,100,-1.068
1777235736.301302,257973.000,42199,2,AY,1,100,-1.232
1777235736.340970,258012.667,42215,3,AY,1,100,-1.272
1777235736.380637,258052.333,42215,3,AY,1,100,-1.239
1777235736.420305,258092.000,42215,3,AY,1,100,-1.009
1777235736.460639,258132.333,42233,3,AY,1,100,-1.069
1777235736.500973,258172.667,42233,3,AY,1,100,-1.028
1777235736.541307,258213.000,42233,3,AY,1,100,-0.809
1777235736.580808,258252.500,42252,2,AY,1,100,-0.521
1777235736.620309,258292.000,42252,2,AY,1,100,-0.428
1777235736.660310,258332.000,42271,3,AY,1,100,-0.440
1777235736.700310,258372.000,42271,3,AY,1,100,-0.581
1777235736.740311,258412.000,42271,3,AY,1,100,-1.065
1777235736.780312,258452.000,42286,2,AY,1,100,-0.999
1777235736.820313,258492.000,42286,2,AY,1,100,-0.707
1777235736.860314,258532.000,42304,3,AY,1,100,-0.323
1777235736.900315,258572.000,42304,3,AY,1,100,0.036
1777235736.940316,258612.000,42304,3,AY,1,100,0.221
1777235736.980316,258652.000,42321,2,AY,1,100,0.237
1777235737.020317,258692.000,42321,2,AY,1,100,0.106
1777235737.060318,258732.000,42340,3,AY,1,100,0.130
1777235737.100319,258772.000,42340,3,AY,1,100,-0.177
1777235737.140320,258812.000,42340,3,AY,1,100,-0.308
1777235737.180821,258852.500,42357,2,AY,1,100,-0.368
1777235737.221322,258893.000,42357,2,AY,1,100,-0.453
1777235737.260989,258932.667,42375,3,AY,1,100,-0.240
1777235737.300657,258972.333,42375,3,AY,1,100,-0.192
1777235737.340324,259012.000,42375,3,AY,1,100,-0.623
1777235737.380325,259052.000,42393,2,AY,1,100,-0.692
1777235737.420326,259092.000,42393,2,AY,1,100,-0.643
1777235737.460327,259132.000,42411,3,AY,1,100,-0.533
1777235737.500328,259172.000,42411,3,AY,1,100,-0.178
1777235737.540328,259212.000,42411,3,AY,1,100,-0.130
1777235737.580329,259252.000,42427,2,AY,1,100,-0.043
1777235737.620330,259292.000,42427,2,AY,1,100,-0.105
1777235737.660664,259332.333,42445,3,AY,1,100,-0.158
1777235737.700999,259372.667,42445,3,AY,1,100,-0.574
1777235737.741333,259413.000,42445,3,AY,1,100,-0.821
1777235737.781000,259452.667,42464,3,AY,1,100,-0.758
1777235737.820668,259492.333,42464,3,AY,1,100,-0.662
1777235737.860335,259532.000,42464,3,AY,1,100,-0.403
1777235737.900336,259572.000,42482,2,AY,1,100,-0.428
1777235737.940337,259612.000,42482,2,AY,1,100,-0.492
1777235737.980338,259652.000,42500,3,AY,1,100,-0.486
1777235738.020339,259692.000,42500,3,AY,1,100,-0.499
1777235738.060339,259732.000,42500,3,AY,1,100,-0.409
1777235738.100340,259772.000,42516,2,AY,1,100,-0.330
1777235738.140341,259812.000,42516,2,AY,1,100,-0.306
1777235738.180342,259852.000,42533,3,AY,1,100,-0.322
1777235738.220343,259892.000,42533,3,AY,1,100,-0.396
1777235738.260344,259932.000,42533,3,AY,1,100,-0.534
1777235738.300344,259972.000,42551,2,AY,1,100,-0.626
1777235738.340345,260012.000,42551,2,AY,1,100,-0.507
1777235738.380346,260052.000,42571,3,AY,1,100,-0.417
1777235738.420347,260092.000,42571,3,AY,1,100,-0.459
1777235738.460348,260132.000,42571,3,AY,1,100,-0.579
1777235738.500349,260172.000,42587,2,AY,1,100,-0.576
1777235738.540349,260212.000,42587,2,AY,1,100,-0.524
1777235738.576017,260247.667,42604,3,AY,1,100,-0.529
1777235738.611684,260283.333,42604,3,AY,1,100,-0.501
1777235738.647352,260319.000,42604,3,AY,1,100,-0.362
1777235738.687686,260359.333,42623,3,AY,1,100,-0.255
1777235738.728020,260399.667,42623,3,AY,1,100,-0.295
1777235738.768354,260440.000,42623,3,AY,1,100,-0.322
1777235738.808355,260480.000,42640,2,AY,1,100,-0.452
1777235738.848356,260520.000,42640,2,AY,1,100,-0.592
1777235738.888024,260559.667,42656,3,AY,1,100,-0.627
1777235738.927691,260599.333,42656,3,AY,1,100,-0.493
1777235738.967359,260639.000,42656,3,AY,1,100,-0.505
1777235739.007360,260679.000,42676,2,AY,1,100,-0.435
1777235739.047360,260719.000,42676,2,AY,1,100,-0.500
1777235739.087361,260759.000,42694,3,AY,1,100,-0.604
1777235739.127362,260799.000,42694,3,AY,1,100,-0.636
1777235739.167363,260839.000,42694,3,AY,1,100,-0.491
1777235739.207364,260879.000,42711,2,AY,1,100,-0.301
1777235739.247365,260919.000,42711,2,AY,1,100,-0.303
1777235739.287699,260959.333,42727,3,AY,1,100,-0.338
1777235739.328033,260999.667,42727,3,AY,1,100,-0.413
1777235739.368367,261040.000,42727,3,AY,1,100,-0.499
1777235739.408368,261080.000,42745,3,AY,1,100,-0.493
1777235739.448369,261120.000,42745,3,AY,1,100,-0.510
1777235739.488370,261160.000,42745,3,AY,1,100,-0.509
1777235739.527870,261199.500,42765,2,AY,1,100,-0.602
1777235739.567371,261239.000,42765,2,AY,1,100,-0.586
1777235739.607372,261279.000,42782,3,AY,1,100,-0.493
1777235739.647373,261319.000,42782,3,AY,1,100,-0.466
1777235739.687374,261359.000,42782,3,AY,1,100,-0.457
1777235739.727375,261399.000,42800,2,AY,1,100,-0.507
1777235739.767375,261439.000,42800,2,AY,1,100,-0.511
1777235739.807376,261479.000,42816,3,AY,1,100,-0.508
1777235739.847377,261519.000,42816,3,AY,1,100,-0.463
1777235739.887378,261559.000,42816,3,AY,1,100,-0.434
1777235739.927379,261599.000,42834,2,AY,1,100,-0.437
1777235739.967380,261639.000,42834,2,AY,1,100,-0.434
1777235740.007380,261679.000,42852,3,AY,1,100,-0.443
1777235740.047381,261719.000,42852,3,AY,1,100,-0.448
1777235740.087382,261759.000,42852,3,AY,1,100,-0.502
1777235740.127383,261799.000,42874,2,AY,1,100,-0.458
1777235740.167384,261839.000,42874,2,AY,1,100,-0.475
1777235740.207385,261879.000,42889,3,AY,1,100,-0.465
1777235740.247386,261919.000,42889,3,AY,1,100,-0.441
1777235740.287386,261959.000,42889,3,AY,1,100,-0.418
1777235740.327387,261999.000,42908,2,AY,1,100,-0.414
1777235740.367388,262039.000,42908,2,AY,1,100,-0.379
1777235740.407389,262079.000,42925,3,AY,1,100,-0.418
1777235740.447390,262119.000,42925,3,AY,1,100,-0.440
1777235740.487391,262159.000,42925,3,AY,1,100,-0.529
1777235740.527392,262199.000,42948,3,AY,1,100,-0.626
1777235740.567392,262239.000,42948,3,AY,1,100,-0.631
1777235740.607393,262279.000,42948,3,AY,1,100,-0.599
1777235740.647727,262319.333,42968,3,AY,1,100,-0.467
1777235740.688062,262359.667,42968,3,AY,1,100,-0.528
1777235740.728396,262400.000,42968,3,AY,1,100,-0.585
1777235740.767897,262439.500,42984,2,AY,1,100,-0.552
1777235740.807398,262479.000,42984,2,AY,1,100,-0.524
1777235740.847398,262519.000,43001,3,AY,1,100,-0.478
1777235740.887399,262559.000,43001,3,AY,1,100,-0.476
1777235740.927400,262599.000,43001,3,AY,1,100,-0.533
1777235740.962734,262634.333,43019,3,AY,1,100,-0.475
1777235740.998068,262669.667,43019,3,AY,1,100,-0.534
1777235741.033402,262705.000,43019,3,AY,1,100,-0.521
1777235741.073403,262745.000,43037,2,AY,1,100,-0.573
1777235741.113404,262785.000,43037,2,AY,1,100,-0.494
1777235741.153405,262825.000,43055,3,AY,1,100,-0.434
1777235741.193406,262865.000,43055,3,AY,1,100,-0.461
1777235741.233407,262905.000,43055,3,AY,1,100,-0.518
1777235741.273407,262945.000,43072,2,AY,1,100,-0.502
1777235741.313408,262985.000,43072,2,AY,1,100,-0.460
1777235741.353409,263025.000,43091,3,AY,1,100,-0.396
1777235741.393410,263065.000,43091,3,AY,1,100,-0.390
1777235741.433411,263105.000,43091,3,AY,1,100,-0.439
1777235741.473412,263145.000,43108,2,AY,1,100,-0.456
1777235741.513412,263185.000,43108,2,AY,1,100,-0.450
1777235741.553413,263225.000,43124,3,AY,1,100,-0.510
1777235741.593414,263265.000,43124,3,AY,1,100,-0.515
1777235741.633415,263305.000,43124,3,AY,1,100,-0.464
1777235741.673416,263345.000,43144,3,AY,1,100,-0.455
1777235741.713417,263385.000,43144,3,AY,1,100,-0.424
1777235741.753417,263425.000,43144,3,AY,1,100,-0.454
1777235741.793418,263465.000,43162,2,AY,1,100,-0.471
1777235741.833419,263505.000,43162,2,AY,1,100,-0.481
1777235741.873420,263545.000,43179,3,AY,1,100,-0.472
1777235741.913421,263585.000,43179,3,AY,1,100,-0.469
1777235741.953422,263625.000,43179,3,AY,1,100,-0.468
1777235741.993423,263665.000,43197,2,AY,1,100,-0.465
1777235742.033423,263705.000,43197,2,AY,1,100,-0.478
1777235742.073424,263745.000,43215,3,AY,1,100,-0.493
1777235742.113425,263785.000,43215,3,AY,1,100,-0.493
1777235742.153426,263825.000,43215,3,AY,1,100,-0.524
1777235742.193427,263865.000,43233,2,AY,1,100,-0.553
1777235742.233428,263905.000,43233,2,AY,1,100,-0.608
1777235742.273429,263945.000,43250,3,AY,1,100,-0.502
1777235742.313429,263985.000,43250,3,AY,1,100,-0.386
1777235742.353430,264025.000,43250,3,AY,1,100,-0.405
1777235742.393431,264065.000,43269,2,AY,1,100,-0.427
1777235742.433432,264105.000,43269,2,AY,1,100,-0.429
1777235742.473433,264145.000,43284,3,AY,1,100,-0.462
1777235742.513434,264185.000,43284,3,AY,1,100,-0.455
1777235742.553435,264225.000,43284,3,AY,1,100,-0.458
1777235742.593435,264265.000,43302,2,AY,1,100,-0.472
1777235742.633436,264305.000,43302,2,AY,1,100,-0.476
1777235742.673437,264345.000,43320,3,AY,1,100,-0.560
1777235742.713438,264385.000,43320,3,AY,1,100,-0.589
1777235742.753439,264425.000,43320,3,AY,1,100,-0.660
1777235742.793440,264465.000,43340,2,AY,1,100,-0.571
1777235742.833441,264505.000,43340,2,AY,1,100,-0.638
1777235742.873441,264545.000,43355,3,AY,1,100,-0.524
1777235742.913442,264585.000,43355,3,AY,1,100,-0.420
1777235742.953443,264625.000,43355,3,AY,1,100,-0.571
1777235742.993444,264665.000,43374,3,AY,1,100,-0.610
1777235743.033445,264705.000,43374,3,AY,1,100,-0.567
1777235743.073446,264745.000,43374,3,AY,1,100,-0.447
1777235743.113446,264785.000,43391,2,AY,1,100,-0.369
1777235743.153447,264825.000,43391,2,AY,1,100,-0.334
1777235743.189115,264860.667,43409,3,AY,1,100,-0.356
1777235743.224782,264896.333,43409,3,AY,1,100,-0.489
1777235743.260449,264932.000,43409,3,AY,1,100,-0.738
1777235743.300450,264972.000,43424,2,AY,1,100,-0.796
1777235743.340451,265012.000,43424,2,AY,1,100,-0.558
1777235743.380452,265052.000,43445,3,AY,1,100,-0.469
1777235743.420453,265092.000,43445,3,AY,1,100,-0.563
1777235743.460454,265132.000,43445,3,AY,1,100,-0.549
1777235743.500455,265172.000,43462,3,AY,1,100,-0.556
1777235743.540455,265212.000,43462,3,AY,1,100,-0.573
1777235743.580456,265252.000,43462,3,AY,1,100,-0.510
1777235743.620457,265292.000,43480,2,AY,1,100,-0.437
1777235743.660458,265332.000,43480,2,AY,1,100,-0.446
1777235743.700459,265372.000,43496,2,AY,1,100,-0.389
1777235743.740460,265412.000,43496,2,AY,1,100,-0.493
1777235743.780461,265452.000,43514,3,AY,1,100,-0.645
1777235743.820461,265492.000,43514,3,AY,1,100,-0.844
1777235743.860462,265532.000,43514,3,AY,1,100,-0.838
1777235743.900463,265572.000,43533,3,AY,1,100,-0.506
1777235743.940464,265612.000,43533,3,AY,1,100,-0.515
1777235743.980465,265652.000,43533,3,AY,1,100,-0.597
1777235744.020466,265692.000,43552,2,AY,1,100,-0.715
1777235744.060467,265732.000,43552,2,AY,1,100,-0.698
1777235744.100467,265772.000,43568,3,AY,1,100,-0.711
1777235744.140468,265812.000,43568,3,AY,1,100,-0.639
1777235744.180469,265852.000,43568,3,AY,1,100,-0.547
1777235744.220470,265892.000,43585,2,AY,1,100,-0.482
1777235744.260471,265932.000,43585,2,AY,1,100,-0.515
1777235744.300472,265972.000,43602,3,AY,1,100,-0.523
1777235744.340472,266012.000,43602,3,AY,1,100,-0.528
1777235744.380473,266052.000,43602,3,AY,1,100,-0.687
1777235744.420474,266092.000,43621,2,AY,1,100,-0.761
1777235744.460475,266132.000,43621,2,AY,1,100,-0.623
1777235744.500476,266172.000,43639,3,AY,1,100,-0.582
1777235744.540477,266212.000,43639,3,AY,1,100,-0.624
1777235744.580477,266252.000,43639,3,AY,1,100,-0.725
1777235744.620478,266292.000,43656,2,AY,1,100,-0.728
1777235744.660479,266332.000,43656,2,AY,1,100,-0.875
1777235744.700480,266372.000,43674,3,AY,1,100,-1.136
1777235744.740481,266412.000,43674,3,AY,1,100,-0.876
1777235744.780482,266452.000,43674,3,AY,1,100,-0.480
1777235744.820482,266492.000,43692,2,AY,1,100,-0.149
1777235744.860483,266532.000,43692,2,AY,1,100,-0.009
1777235744.900484,266572.000,43709,3,AY,1,100,0.006
1777235744.940485,266612.000,43709,3,AY,1,100,-0.060
1777235744.980486,266652.000,43709,3,AY,1,100,0.099
1777235745.020487,266692.000,43728,2,AY,1,100,0.195
1777235745.060488,266732.000,43728,2,AY,1,100,0.032
1777235745.100488,266772.000,43747,3,AY,1,100,-0.108
1777235745.140489,266812.000,43747,3,AY,1,100,-0.077
1777235745.180490,266852.000,43747,3,AY,1,100,-0.239
1777235745.220491,266892.000,43765,3,AY,1,100,-0.229
1777235745.260492,266932.000,43765,3,AY,1,100,-0.333
1777235745.300493,266972.000,43765,3,AY,1,100,-0.390
1777235745.340493,267012.000,43785,2,AY,1,100,-0.436
1777235745.380494,267052.000,43785,2,AY,1,100,-0.260
1777235745.420495,267092.000,43801,3,AY,1,100,-0.395
1777235745.460496,267132.000,43801,3,AY,1,100,-0.366
1777235745.500497,267172.000,43801,3,AY,1,100,-0.276
1777235745.535831,267207.333,43818,3,AY,1,100,-0.253
1777235745.571165,267242.667,43818,3,AY,1,100,-0.159
1777235745.606499,267278.000,43818,3,AY,1,100,-0.057
1777235745.646500,267318.000,43840,3,AY,1,100,-0.048
1777235745.686501,267358.000,43840,3,AY,1,100,-0.008
1777235745.726502,267398.000,43840,3,AY,1,100,0.004
1777235745.766503,267438.000,43857,3,AY,1,100,-0.089
1777235745.806503,267478.000,43857,3,AY,1,100,-0.162
1777235745.846504,267518.000,43857,3,AY,1,100,-0.133
1777235745.886505,267558.000,43875,2,AY,1,100,-0.219
1777235745.926506,267598.000,43875,2,AY,1,100,-0.453
1777235745.966507,267638.000,43892,3,AY,1,100,-0.488
1777235746.006508,267678.000,43892,3,AY,1,100,-0.416
1777235746.046509,267718.000,43892,3,AY,1,100,-0.418
1777235746.086509,267758.000,43911,2,AY,1,100,-0.308
1777235746.126510,267798.000,43911,2,AY,1,100,-0.572
1777235746.166511,267838.000,43928,3,AY,1,100,-0.500
1777235746.206512,267878.000,43928,3,AY,1,100,-0.530
1777235746.246513,267918.000,43928,3,AY,1,100,-0.397
1777235746.286514,267958.000,43946,2,AY,1,100,-0.366
1777235746.326514,267998.000,43946,2,AY,1,100,-0.382
1777235746.366515,268038.000,43963,3,AY,1,100,-0.250
1777235746.406516,268078.000,43963,3,AY,1,100,-0.157
1777235746.446517,268118.000,43963,3,AY,1,100,0.003
1777235746.486518,268158.000,43980,2,AY,1,100,0.158
1777235746.526519,268198.000,43980,2,AY,1,100,0.134
1777235746.566519,268238.000,43999,3,AY,1,100,0.060
1777235746.606520,268278.000,43999,3,AY,1,100,-0.091
1777235746.646521,268318.000,43999,3,AY,1,100,-0.183
1777235746.686522,268358.000,44018,2,AY,1,100,-0.287
1777235746.726523,268398.000,44018,2,AY,1,100,-0.383
1777235746.766524,268438.000,44035,3,AY,1,100,-0.545
1777235746.806525,268478.000,44035,3,AY,1,100,-0.527
1777235746.846525,268518.000,44035,3,AY,1,100,-0.497
1777235746.886526,268558.000,44051,2,AY,1,100,-0.409
1777235746.926527,268598.000,44051,2,AY,1,100,-0.379
1777235746.966861,268638.333,44069,3,AY,1,100,-0.343
1777235747.007195,268678.667,44069,3,AY,1,100,-0.282
1777235747.047530,268719.000,44069,3,AY,1,100,-0.234
1777235747.087531,268759.000,44089,2,AY,1,100,-0.119
1777235747.127531,268799.000,44089,2,AY,1,100,-0.218
1777235747.167532,268839.000,44106,3,AY,1,100,-0.276
1777235747.207533,268879.000,44106,3,AY,1,100,-0.269
1777235747.247534,268919.000,44106,3,AY,1,100,-0.241
1777235747.287535,268959.000,44122,2,AY,1,100,-0.234
1777235747.327536,268999.000,44122,2,AY,1,100,-0.249
1777235747.367537,269039.000,44140,3,AY,1,100,-0.163
1777235747.407537,269079.000,44140,3,AY,1,100,-0.129
1777235747.447538,269119.000,44140,3,AY,1,100,-0.089
1777235747.487539,269159.000,44158,3,AY,1,100,-0.096
1777235747.527540,269199.000,44158,3,AY,1,100,-0.118
1777235747.567541,269239.000,44158,3,AY,1,100,-0.155
1777235747.607542,269279.000,44175,2,AY,1,100,-0.271
1777235747.647542,269319.000,44175,2,AY,1,100,-0.347
1777235747.687543,269359.000,44194,3,AY,1,100,-0.402
1777235747.727544,269399.000,44194,3,AY,1,100,-0.395
1777235747.767545,269439.000,44194,3,AY,1,100,-0.363
1777235747.807546,269479.000,44211,2,AY,1,100,-0.253
1777235747.847547,269519.000,44211,2,AY,1,100,-0.207
1777235747.887547,269559.000,44229,3,AY,1,100,-0.187
1777235747.927548,269599.000,44229,3,AY,1,100,-0.204
1777235747.967549,269639.000,44229,3,AY,1,100,-0.199
1777235748.002883,269674.333,44247,3,AY,1,100,-0.204
1777235748.038217,269709.667,44247,3,AY,1,100,-0.221
1777235748.073551,269745.000,44247,3,AY,1,100,-0.223
1777235748.113552,269785.000,44263,2,AY,1,100,-0.206
1777235748.153553,269825.000,44263,2,AY,1,100,-0.216
1777235748.193554,269865.000,44280,3,AY,1,100,-0.196
1777235748.233555,269905.000,44280,3,AY,1,100,-0.187
1777235748.273556,269945.000,44280,3,AY,1,100,-0.184
1777235748.313556,269985.000,44298,2,AY,1,100,-0.183
1777235748.353557,270025.000,44298,2,AY,1,100,-0.174
1777235748.393558,270065.000,44316,3,AY,1,100,-0.179
1777235748.433559,270105.000,44316,3,AY,1,100,-0.186
1777235748.473560,270145.000,44316,3,AY,1,100,-0.191
1777235748.513561,270185.000,44332,2,AY,1,100,-0.195
1777235748.553561,270225.000,44332,2,AY,1,100,-0.130
1777235748.593562,270265.000,44349,3,AY,1,100,-0.101
1777235748.633563,270305.000,44349,3,AY,1,100,-0.144
1777235748.673564,270345.000,44349,3,AY,1,100,-0.316
1777235748.713565,270385.000,44368,2,AY,1,100,-0.463
1777235748.753566,270425.000,44368,2,AY,1,100,-0.591
1777235748.793567,270465.000,44385,3,AY,1,100,-0.610
1777235748.833567,270505.000,44385,3,AY,1,100,-0.615
1777235748.873568,270545.000,44385,3,AY,1,100,-0.490
1777235748.913069,270584.500,44402,2,AY,1,100,-0.333
1777235748.952570,270624.000,44402,2,AY,1,100,-0.382
1777235748.992571,270664.000,44421,3,AY,1,100,-0.345
1777235749.032572,270704.000,44421,3,AY,1,100,-0.278
1777235749.072572,270744.000,44421,3,AY,1,100,-0.287
1777235749.112907,270784.333,44439,3,AY,1,100,-0.269
1777235749.153241,270824.667,44439,3,AY,1,100,-0.235
1777235749.193575,270865.000,44439,3,AY,1,100,-0.193
1777235749.233576,270905.000,44456,2,AY,1,100,-0.201
1777235749.273577,270945.000,44456,2,AY,1,100,-0.257
1777235749.313578,270985.000,44475,3,AY,1,100,-0.266
1777235749.353579,271025.000,44475,3,AY,1,100,-0.349
1777235749.393579,271065.000,44475,3,AY,1,100,-0.211
1777235749.433080,271104.500,44490,2,AY,1,100,-0.216
1777235749.472581,271144.000,44490,2,AY,1,100,-0.209
1777235749.512582,271184.000,44508,3,AY,1,100,-0.259
1777235749.552583,271224.000,44508,3,AY,1,100,-0.181
1777235749.592584,271264.000,44508,3,AY,1,100,-0.206
1777235749.633084,271304.500,44527,2,AY,1,100,-0.245
1777235749.673585,271345.000,44527,2,AY,1,100,-0.271
1777235749.713253,271384.667,44546,3,AY,1,100,-0.250
1777235749.752920,271424.333,44546,3,AY,1,100,-0.266
1777235749.792588,271464.000,44546,3,AY,1,100,-0.263
1777235749.832589,271504.000,44561,2,AY,1,100,-0.324
1777235749.872589,271544.000,44561,2,AY,1,100,-0.332
1777235749.912590,271584.000,44579,3,AY,1,100,-0.366
1777235749.952591,271624.000,44579,3,AY,1,100,-0.373
1777235749.992592,271664.000,44579,3,AY,1,100,-0.385
1777235750.032593,271704.000,44597,2,AY,1,100,-0.342
1777235750.072594,271744.000,44597,2,AY,1,100,-0.357
1777235750.108594,271780.000,44617,3,AY,1,100,-0.342
1777235750.144595,271816.000,44617,3,AY,1,100,-0.316
1777235750.180596,271852.000,44617,3,AY,1,100,-0.279
1777235750.220597,271892.000,44634,3,AY,1,100,-0.277
1777235750.260598,271932.000,44634,3,AY,1,100,-0.311
1777235750.300599,271972.000,44634,3,AY,1,100,-0.297
1777235750.340599,272012.000,44653,2,AY,1,100,-0.287
1777235750.380600,272052.000,44653,2,AY,1,100,-0.313
1777235750.420601,272092.000,44670,3,AY,1,100,-0.330
1777235750.460602,272132.000,44670,3,AY,1,100,-0.377
1777235750.500603,272172.000,44670,3,AY,1,100,-0.337
1777235750.540604,272212.000,44688,2,AY,1,100,-0.251
1777235750.580605,272252.000,44688,2,AY,1,100,-0.274
1777235750.620605,272292.000,44703,3,AY,1,100,-0.274
1777235750.660606,272332.000,44703,3,AY,1,100,-0.265
1777235750.700607,272372.000,44703,3,AY,1,100,-0.281
1777235750.740608,272412.000,44731,4,AY,1,100,-0.295
1777235750.780609,272452.000,44731,4,AY,1,100,-0.314
1777235750.820610,272492.000,44731,4,AY,1,100,-0.310
1777235750.860610,272532.000,44731,4,AY,1,100,-0.261
1777235750.900611,272572.000,44746,2,AY,1,100,-0.237
1777235750.940612,272612.000,44746,2,AY,1,100,-0.236
1777235750.980613,272652.000,44765,3,AY,1,100,-0.229
1777235751.020614,272692.000,44765,3,AY,1,100,-0.242
1777235751.060615,272732.000,44765,3,AY,1,100,-0.265
1777235751.100616,272772.000,44782,2,AY,1,100,-0.281
1777235751.140616,272812.000,44782,2,AY,1,100,-0.270
1777235751.180617,272852.000,44800,3,AY,1,100,-0.303
1777235751.220618,272892.000,44800,3,AY,1,100,-0.302
1777235751.260619,272932.000,44800,3,AY,1,100,-0.312
1777235751.300620,272972.000,44817,2,AY,1,100,-0.294
1777235751.340621,273012.000,44817,2,AY,1,100,-0.299
1777235751.380621,273052.000,44836,3,AY,1,100,-0.298
1777235751.420622,273092.000,44836,3,AY,1,100,-0.309
1777235751.460623,273132.000,44836,3,AY,1,100,-0.309
1777235751.500624,273172.000,44853,2,AY,1,100,-0.312
1777235751.540625,273212.000,44853,2,AY,1,100,-0.309
1777235751.580626,273252.000,44871,3,AY,1,100,-0.334
1777235751.620626,273292.000,44871,3,AY,1,100,-0.326
1777235751.660627,273332.000,44871,3,AY,1,100,-0.298
1777235751.700628,273372.000,44887,3,AY,1,100,-0.263
1777235751.740629,273412.000,44887,3,AY,1,100,-0.218
1777235751.780630,273452.000,44887,3,AY,1,100,-0.266
1777235751.820631,273492.000,44905,2,AY,1,100,-0.317
1777235751.860631,273532.000,44905,2,AY,1,100,-0.322
1777235751.900299,273571.667,44924,3,AY,1,100,-0.336
1777235751.939967,273611.333,44924,3,AY,1,100,-0.343
1777235751.979634,273651.000,44924,3,AY,1,100,-0.330
1777235752.020135,273691.500,44943,2,AY,1,100,-0.335
1777235752.060636,273732.000,44943,2,AY,1,100,-0.318
1777235752.100637,273772.000,44959,3,AY,1,100,-0.339
1777235752.140637,273812.000,44959,3,AY,1,100,-0.273
1777235752.180638,273852.000,44959,3,AY,1,100,-0.352
1777235752.220639,273892.000,44976,2,AY,1,100,-0.328
1777235752.260640,273932.000,44976,2,AY,1,100,-0.339
1777235752.300308,273971.667,44993,3,AY,1,100,-0.354
1777235752.339975,274011.333,44993,3,AY,1,100,-0.370
1777235752.379642,274051.000,44993,3,AY,1,100,-0.346
1777235752.419643,274091.000,45012,2,AY,1,100,-0.384
1777235752.459644,274131.000,45012,2,AY,1,100,-0.400
1777235752.499645,274171.000,45029,3,AY,1,100,-0.358
1777235752.539646,274211.000,45029,3,AY,1,100,-0.361
1777235752.579647,274251.000,45029,3,AY,1,100,-0.351
1777235752.615314,274286.667,45045,3,AY,1,100,-0.339
1777235752.650982,274322.333,45045,3,AY,1,100,-0.281
1777235752.686649,274358.000,45045,3,AY,1,100,-0.273
1777235752.726150,274397.500,45065,2,AY,1,100,-0.244
1777235752.765651,274437.000,45065,2,AY,1,100,-0.209
1777235752.805985,274477.333,45083,3,AY,1,100,-0.202
1777235752.846319,274517.667,45083,3,AY,1,100,-0.223
1777235752.886653,274558.000,45083,3,AY,1,100,-0.233
1777235752.926154,274597.500,45100,2,AY,1,100,-0.274
1777235752.965655,274637.000,45100,2,AY,1,100,-0.334
1777235753.005989,274677.333,45117,3,AY,1,100,-0.352
1777235753.046323,274717.667,45117,3,AY,1,100,-0.339
1777235753.086658,274758.000,45117,3,AY,1,100,-0.310
1777235753.126658,274798.000,45134,3,AY,1,100,-0.305
1777235753.166659,274838.000,45134,3,AY,1,100,-0.261
1777235753.206660,274878.000,45134,3,AY,1,100,-0.292
1777235753.246161,274917.500,45152,2,AY,1,100,-0.247
1777235753.285662,274957.000,45152,2,AY,1,100,-0.238
1777235753.325663,274997.000,45170,3,AY,1,100,-0.211
1777235753.365664,275037.000,45170,3,AY,1,100,-0.147
1777235753.405664,275077.000,45170,3,AY,1,100,-0.142
1777235753.445665,275117.000,45186,2,AY,1,100,-0.088
1777235753.485666,275157.000,45186,2,AY,1,100,-0.080
1777235753.525667,275197.000,45203,3,AY,1,100,-0.079
1777235753.565668,275237.000,45203,3,AY,1,100,-0.053
1777235753.605669,275277.000,45203,3,AY,1,100,-0.074
1777235753.646169,275317.500,45221,2,AY,1,100,-0.088
1777235753.686670,275358.000,45221,2,AY,1,100,-0.118
1777235753.726338,275397.667,45239,3,AY,1,100,-0.130
1777235753.766005,275437.333,45239,3,AY,1,100,-0.154
1777235753.805673,275477.000,45239,3,AY,1,100,-0.158
1777235753.845674,275517.000,45257,2,AY,1,100,-0.147
1777235753.885674,275557.000,45257,2,AY,1,100,-0.126
1777235753.925675,275597.000,45274,3,AY,1,100,-0.103
1777235753.965676,275637.000,45274,3,AY,1,100,-0.109
1777235754.005677,275677.000,45274,3,AY,1,100,-0.104
1777235754.045678,275717.000,45293,2,AY,1,100,-0.107
1777235754.085679,275757.000,45293,2,AY,1,100,-0.114
1777235754.125679,275797.000,45310,3,AY,1,100,-0.120
1777235754.165680,275837.000,45310,3,AY,1,100,-0.128
1777235754.205681,275877.000,45310,3,AY,1,100,-0.121
1777235754.245682,275917.000,45327,2,AY,1,100,-0.128
1777235754.285683,275957.000,45327,2,AY,1,100,-0.125
1777235754.325684,275997.000,45344,3,AY,1,100,-0.120
1777235754.365685,276037.000,45344,3,AY,1,100,-0.119
1777235754.405685,276077.000,45344,3,AY,1,100,-0.113
1777235754.445686,276117.000,45362,2,AY,1,100,-0.113
1777235754.485687,276157.000,45362,2,AY,1,100,-0.115
1777235754.525688,276197.000,45379,3,AY,1,100,-0.114
1777235754.565689,276237.000,45379,3,AY,1,100,-0.120
1777235754.605690,276277.000,45379,3,AY,1,100,-0.119
1777235754.645690,276317.000,45396,2,AY,1,100,-0.135
1777235754.685691,276357.000,45396,2,AY,1,100,-0.130
1777235754.725692,276397.000,45413,3,AY,1,100,-0.132
1777235754.765693,276437.000,45413,3,AY,1,100,-0.127
1777235754.805694,276477.000,45413,3,AY,1,100,-0.124
1777235754.841695,276513.000,45431,3,AY,1,100,-0.129
1777235754.877695,276549.000,45431,3,AY,1,100,-0.126
1777235754.913696,276585.000,45431,3,AY,1,100,-0.121
1777235754.953697,276625.000,45448,3,AY,1,100,-0.126
1777235754.993698,276665.000,45448,3,AY,1,100,-0.132
1777235755.033699,276705.000,45448,3,AY,1,100,-0.132
1777235755.073699,276745.000,45469,2,AY,1,100,-0.129
1777235755.113700,276785.000,45469,2,AY,1,100,-0.129
1777235755.153368,276824.667,45484,3,AY,1,100,-0.126
1777235755.193035,276864.333,45484,3,AY,1,100,-0.130
1777235755.232703,276904.000,45484,3,AY,1,100,-0.135
1777235755.272704,276944.000,45502,2,AY,1,100,-0.137
1777235755.312705,276984.000,45502,2,AY,1,100,-0.135
1777235755.352705,277024.000,45520,3,AY,1,100,-0.133
1777235755.392706,277064.000,45520,3,AY,1,100,-0.131
1777235755.432707,277104.000,45520,3,AY,1,100,-0.131
1777235755.472708,277144.000,45538,2,AY,1,100,-0.132
1777235755.512709,277184.000,45538,2,AY,1,100,-0.129
1777235755.552710,277224.000,45553,3,AY,1,100,-0.128
1777235755.592710,277264.000,45553,3,AY,1,100,-0.134
1777235755.632711,277304.000,45553,3,AY,1,100,-0.134
1777235755.672712,277344.000,45572,2,AY,1,100,-0.137
1777235755.712713,277384.000,45572,2,AY,1,100,-0.132
1777235755.752714,277424.000,45589,3,AY,1,100,-0.134
1777235755.792715,277464.000,45589,3,AY,1,100,-0.135
1777235755.832716,277504.000,45589,3,AY,1,100,-0.134
1777235755.872716,277544.000,45612,3,AY,1,100,-0.134
1777235755.912717,277584.000,45612,3,AY,1,100,-0.130
1777235755.952718,277624.000,45612,3,AY,1,100,-0.134
1777235755.992719,277664.000,45630,3,AY,1,100,-0.129
1777235756.032720,277704.000,45630,3,AY,1,100,-0.129
1777235756.072721,277744.000,45630,3,AY,1,100,-0.132
1777235756.112722,277784.000,45647,2,AY,1,100,-0.128
1777235756.152722,277824.000,45647,2,AY,1,100,-0.127
1777235756.192723,277864.000,45663,3,AY,1,100,-0.136
1777235756.232724,277904.000,45663,3,AY,1,100,-0.130
1777235756.272725,277944.000,45663,3,AY,1,100,-0.131
1777235756.312726,277984.000,45682,3,AY,1,100,-0.134
1777235756.352727,278024.000,45682,3,AY,1,100,-0.130
1777235756.392728,278064.000,45682,3,AY,1,100,-0.135
1777235756.432728,278104.000,45699,2,AY,1,100,-0.135
1777235756.472729,278144.000,45699,2,AY,1,100,-0.139
1777235756.512730,278184.000,45717,3,AY,1,100,-0.143
1777235756.552731,278224.000,45717,3,AY,1,100,-0.145
1777235756.592732,278264.000,45717,3,AY,1,100,-0.137
1777235756.632733,278304.000,45732,2,AY,1,100,-0.123
1777235756.672734,278344.000,45732,2,AY,1,100,-0.118
1777235756.712734,278384.000,45751,3,AY,1,100,-0.117
1777235756.752735,278424.000,45751,3,AY,1,100,-0.130
1777235756.792736,278464.000,45751,3,AY,1,100,-0.143
1777235756.832737,278504.000,45768,2,AY,1,100,-0.151
1777235756.872738,278544.000,45768,2,AY,1,100,-0.164
1777235756.912739,278584.000,45786,3,AY,1,100,-0.176
1777235756.952739,278624.000,45786,3,AY,1,100,-0.173
1777235756.992740,278664.000,45786,3,AY,1,100,-0.173
1777235757.032741,278704.000,45802,2,AY,1,100,-0.167
1777235757.072742,278744.000,45802,2,AY,1,100,-0.160
1777235757.112743,278784.000,45820,3,AY,1,100,-0.156
1777235757.152744,278824.000,45820,3,AY,1,100,-0.152
1777235757.192744,278864.000,45820,3,AY,1,100,-0.156
1777235757.228079,278899.333,45837,3,AY,1,100,-0.152
1777235757.263413,278934.667,45837,3,AY,1,100,-0.154
1777235757.298747,278970.000,45837,3,AY,1,100,-0.160
1777235757.338748,279010.000,45856,2,AY,1,100,-0.159
1777235757.378748,279050.000,45856,2,AY,1,100,-0.165
1777235757.418749,279090.000,45871,3,AY,1,100,-0.170
1777235757.458750,279130.000,45871,3,AY,1,100,-0.170
1777235757.498751,279170.000,45871,3,AY,1,100,-0.166
1777235757.538752,279210.000,45889,2,AY,1,100,-0.161
1777235757.578753,279250.000,45889,2,AY,1,100,-0.155
1777235757.618753,279290.000,45906,3,AY,1,100,-0.158
1777235757.658754,279330.000,45906,3,AY,1,100,-0.164
1777235757.698755,279370.000,45906,3,AY,1,100,-0.178
1777235757.738756,279410.000,45925,2,AY,1,100,-0.182
1777235757.778757,279450.000,45925,2,AY,1,100,-0.185
1777235757.818758,279490.000,45940,3,AY,1,100,-0.185
1777235757.858758,279530.000,45940,3,AY,1,100,-0.176
1777235757.898759,279570.000,45940,3,AY,1,100,-0.175
1777235757.939260,279610.500,45958,2,AY,1,100,-0.179
1777235757.979761,279651.000,45958,2,AY,1,100,-0.179
1777235758.019762,279691.000,45976,3,AY,1,100,-0.179
1777235758.059763,279731.000,45976,3,AY,1,100,-0.177
1777235758.099764,279771.000,45976,3,AY,1,100,-0.177
1777235758.139765,279811.000,45994,2,AY,1,100,-0.177
1777235758.179765,279851.000,45994,2,AY,1,100,-0.185
1777235758.219766,279891.000,46009,3,AY,1,100,-0.185
1777235758.259767,279931.000,46009,3,AY,1,100,-0.190
1777235758.299768,279971.000,46009,3,AY,1,100,-0.186
1777235758.339769,280011.000,46028,3,AY,1,100,-0.184
1777235758.379770,280051.000,46028,3,AY,1,100,-0.181
1777235758.419770,280091.000,46028,3,AY,1,100,-0.176
1777235758.459771,280131.000,46045,2,AY,1,100,-0.177
1777235758.499772,280171.000,46045,2,AY,1,100,-0.182
1777235758.539773,280211.000,46063,3,AY,1,100,-0.184
1777235758.579774,280251.000,46063,3,AY,1,100,-0.187
1777235758.619775,280291.000,46063,3,AY,1,100,-0.190
1777235758.659775,280331.000,46081,2,AY,1,100,-0.189
1777235758.699776,280371.000,46081,2,AY,1,100,-0.194
1777235758.739777,280411.000,46099,3,AY,1,100,-0.196
1777235758.779778,280451.000,46099,3,AY,1,100,-0.198
1777235758.819779,280491.000,46099,3,AY,1,100,-0.198
1777235758.859780,280531.000,46116,2,AY,1,100,-0.194
1777235758.899781,280571.000,46116,2,AY,1,100,-0.197
1777235758.939781,280611.000,46134,3,AY,1,100,-0.192
1777235758.979782,280651.000,46134,3,AY,1,100,-0.192
1777235759.019783,280691.000,46134,3,AY,1,100,-0.190
1777235759.059784,280731.000,46152,2,AY,1,100,-0.192
1777235759.099785,280771.000,46152,2,AY,1,100,-0.193
1777235759.139786,280811.000,46168,3,AY,1,100,-0.194
1777235759.179786,280851.000,46168,3,AY,1,100,-0.195
1777235759.219787,280891.000,46168,3,AY,1,100,-0.194
1777235759.259788,280931.000,46185,3,AY,1,100,-0.192
1777235759.299789,280971.000,46185,3,AY,1,100,-0.195
1777235759.339790,281011.000,46185,3,AY,1,100,-0.197
1777235759.379791,281051.000,46204,2,AY,1,100,-0.196
1777235759.419792,281091.000,46204,2,AY,1,100,-0.196
1777235759.459792,281131.000,46221,3,AY,1,100,-0.194
1777235759.499793,281171.000,46221,3,AY,1,100,-0.194
1777235759.539794,281211.000,46221,3,AY,1,100,-0.195
1777235759.579795,281251.000,46237,2,AY,1,100,-0.199
1777235759.619796,281291.000,46237,2,AY,1,100,-0.201
1777235759.655130,281326.333,46257,3,AY,1,100,-0.203
1777235759.690464,281361.667,46257,3,AY,1,100,-0.199
1777235759.725798,281397.000,46257,3,AY,1,100,-0.200
1777235759.765799,281437.000,46275,3,AY,1,100,-0.196
1777235759.805800,281477.000,46275,3,AY,1,100,-0.195
1777235759.845801,281517.000,46275,3,AY,1,100,-0.195
1777235759.885802,281557.000,46292,2,AY,1,100,-0.194
1777235759.925802,281597.000,46292,2,AY,1,100,-0.196
1777235759.965803,281637.000,46308,3,AY,1,100,-0.196
1777235760.005804,281677.000,46308,3,AY,1,100,-0.191
1777235760.045805,281717.000,46308,3,AY,1,100,-0.194
1777235760.085806,281757.000,46328,2,AY,1,100,-0.190
1777235760.125807,281797.000,46328,2,AY,1,100,-0.191
1777235760.165807,281837.000,46346,3,AY,1,100,-0.193
1777235760.205808,281877.000,46346,3,AY,1,100,-0.195
1777235760.245809,281917.000,46346,3,AY,1,100,-0.196
1777235760.285810,281957.000,46363,2,AY,1,100,-0.192
1777235760.325811,281997.000,46363,2,AY,1,100,-0.191
1777235760.365812,282037.000,46381,3,AY,1,100,-0.191
1777235760.405813,282077.000,46381,3,AY,1,100,-0.195
1777235760.445813,282117.000,46381,3,AY,1,100,-0.194
1777235760.485814,282157.000,46399,2,AY,1,100,-0.199
1777235760.525815,282197.000,46399,2,AY,1,100,-0.205
1777235760.565816,282237.000,46417,3,AY,1,100,-0.205
1777235760.605817,282277.000,46417,3,AY,1,100,-0.204
1777235760.645818,282317.000,46417,3,AY,1,100,-0.203
1777235760.685818,282357.000,46435,2,AY,1,100,-0.208
1777235760.725819,282397.000,46435,2,AY,1,100,-0.213
1777235760.765820,282437.000,46453,3,AY,1,100,-0.199
1777235760.805821,282477.000,46453,3,AY,1,100,-0.206
1777235760.845822,282517.000,46453,3,AY,1,100,-0.206
1777235760.885823,282557.000,46468,2,AY,1,100,-0.215
1777235760.925823,282597.000,46468,2,AY,1,100,-0.214
1777235760.965824,282637.000,46494,4,AY,1,100,-0.217
1777235761.005825,282677.000,46494,4,AY,1,100,-0.228
1777235761.045826,282717.000,46494,4,AY,1,100,-0.222
1777235761.085827,282757.000,46494,4,AY,1,100,-0.221
1777235761.125828,282797.000,46511,2,AY,1,100,-0.220
1777235761.165828,282837.000,46511,2,AY,1,100,-0.214
1777235761.205829,282877.000,46529,3,AY,1,100,-0.207
1777235761.245830,282917.000,46529,3,AY,1,100,-0.204
1777235761.285831,282957.000,46529,3,AY,1,100,-0.208
1777235761.325832,282997.000,46547,2,AY,1,100,-0.216
1777235761.365833,283037.000,46547,2,AY,1,100,-0.216
1777235761.405834,283077.000,46563,3,AY,1,100,-0.216
1777235761.445834,283117.000,46563,3,AY,1,100,-0.214
1777235761.485835,283157.000,46563,3,AY,1,100,-0.213
1777235761.525836,283197.000,46580,3,AY,1,100,-0.209
1777235761.565837,283237.000,46580,3,AY,1,100,-0.202
1777235761.605838,283277.000,46580,3,AY,1,100,-0.202
1777235761.645839,283317.000,46598,2,AY,1,100,-0.202
1777235761.685840,283357.000,46598,2,AY,1,100,-0.203
1777235761.725840,283397.000,46616,3,AY,1,100,-0.207
1777235761.765841,283437.000,46616,3,AY,1,100,-0.204
1777235761.805842,283477.000,46616,3,AY,1,100,-0.207
1777235761.839343,283510.500,46632,2,AY,1,100,-0.210
1777235761.872844,283544.000,46632,2,AY,1,100,-0.211
1777235761.912844,283584.000,46649,3,AY,1,100,-0.212
1777235761.952845,283624.000,46649,3,AY,1,100,-0.208
1777235761.992846,283664.000,46649,3,AY,1,100,-0.212
1777235762.032847,283704.000,46670,3,AY,1,100,-0.210
1777235762.072848,283744.000,46670,3,AY,1,100,-0.207
1777235762.112849,283784.000,46670,3,AY,1,100,-0.207
1777235762.152849,283824.000,46687,2,AY,1,100,-0.210
1777235762.192850,283864.000,46687,2,AY,1,100,-0.208
1777235762.232851,283904.000,46704,3,AY,1,100,-0.206
1777235762.272852,283944.000,46704,3,AY,1,100,-0.209
1777235762.312853,283984.000,46704,3,AY,1,100,-0.216
1777235762.352854,284024.000,46721,2,AY,1,100,-0.208
1777235762.392854,284064.000,46721,2,AY,1,100,-0.204
1777235762.432855,284104.000,46739,3,AY,1,100,-0.208
1777235762.472856,284144.000,46739,3,AY,1,100,-0.217
1777235762.512857,284184.000,46739,3,AY,1,100,-0.217
1777235762.552858,284224.000,46756,2,AY,1,100,-0.218
1777235762.592859,284264.000,46756,2,AY,1,100,-0.211
1777235762.632860,284304.000,46775,3,AY,1,100,-0.207
1777235762.672860,284344.000,46775,3,AY,1,100,-0.212
1777235762.712861,284384.000,46775,3,AY,1,100,-0.210
1777235762.752862,284424.000,46790,2,AY,1,100,-0.216
1777235762.792863,284464.000,46790,2,AY,1,100,-0.215
1777235762.832864,284504.000,46810,3,AY,1,100,-0.220
1777235762.872865,284544.000,46810,3,AY,1,100,-0.211
1777235762.912866,284584.000,46810,3,AY,1,100,-0.211
1777235762.952866,284624.000,46827,2,AY,1,100,-0.211
1777235762.992867,284664.000,46827,2,AY,1,100,-0.209
1777235763.032868,284704.000,46846,3,AY,1,100,-0.208
1777235763.072869,284744.000,46846,3,AY,1,100,-0.208
1777235763.112870,284784.000,46846,3,AY,1,100,-0.212
1777235763.152871,284824.000,46861,2,AY,1,100,-0.207
1777235763.192872,284864.000,46861,2,AY,1,100,-0.203
1777235763.232872,284904.000,46879,3,AY,1,100,-0.208
1777235763.272873,284944.000,46879,3,AY,1,100,-0.213
1777235763.312874,284984.000,46879,3,AY,1,100,-0.218
1777235763.352541,285023.667,46897,3,AY,1,100,-0.244
1777235763.392209,285063.333,46897,3,AY,1,100,-0.243
1777235763.431877,285103.000,46897,3,AY,1,100,-0.222
1777235763.471877,285143.000,46915,2,AY,1,100,-0.239
1777235763.511878,285183.000,46915,2,AY,1,100,-0.218
1777235763.551879,285223.000,46929,3,AY,1,100,-0.196
1777235763.591880,285263.000,46929,3,AY,1,100,-0.187
1777235763.631881,285303.000,46929,3,AY,1,100,-0.186
1777235763.671882,285343.000,46947,2,AY,1,100,-0.170
1777235763.711883,285383.000,46947,2,AY,1,100,-0.194
1777235763.751883,285423.000,46964,3,AY,1,100,-0.212
1777235763.791884,285463.000,46964,3,AY,1,100,-0.221
1777235763.831885,285503.000,46964,3,AY,1,100,-0.235
1777235763.871886,285543.000,46982,2,AY,1,100,-0.233
1777235763.911887,285583.000,46982,2,AY,1,100,-0.224
1777235763.951888,285623.000,46997,3,AY,1,100,-0.216
1777235763.991889,285663.000,46997,3,AY,1,100,-0.214
1777235764.031889,285703.000,46997,3,AY,1,100,-0.206
1777235764.071890,285743.000,47015,2,AY,1,100,-0.207
1777235764.111891,285783.000,47015,2,AY,1,100,-0.220
1777235764.151892,285823.000,47032,3,AY,1,100,-0.226
1777235764.191893,285863.000,47032,3,AY,1,100,-0.218
1777235764.231894,285903.000,47032,3,AY,1,100,-0.223
1777235764.267561,285938.667,47050,3,AY,1,100,-0.224
1777235764.303228,285974.333,47050,3,AY,1,100,-0.216
1777235764.338896,286010.000,47050,3,AY,1,100,-0.226
1777235764.378897,286050.000,47066,2,AY,1,100,-0.224
1777235764.418897,286090.000,47066,2,AY,1,100,-0.221
1777235764.458898,286130.000,47083,3,AY,1,100,-0.227
1777235764.498899,286170.000,47083,3,AY,1,100,-0.223
1777235764.538900,286210.000,47083,3,AY,1,100,-0.225
1777235764.578901,286250.000,47100,2,AY,1,100,-0.228
1777235764.618902,286290.000,47100,2,AY,1,100,-0.222
1777235764.658903,286330.000,47119,3,AY,1,100,-0.225
1777235764.698903,286370.000,47119,3,AY,1,100,-0.228
1777235764.738904,286410.000,47119,3,AY,1,100,-0.232
1777235764.778905,286450.000,47135,2,AY,1,100,-0.229
1777235764.818906,286490.000,47135,2,AY,1,100,-0.220
1777235764.858907,286530.000,47151,3,AY,1,100,-0.218
1777235764.898908,286570.000,47151,3,AY,1,100,-0.208
1777235764.938909,286610.000,47151,3,AY,1,100,-0.204
1777235764.978909,286650.000,47169,3,AY,1,100,-0.206
1777235765.018910,286690.000,47169,3,AY,1,100,-0.205
1777235765.058911,286730.000,47169,3,AY,1,100,-0.208
1777235765.098912,286770.000,47189,2,AY,1,100,-0.211
1777235765.138913,286810.000,47189,2,AY,1,100,-0.222
1777235765.178914,286850.000,47206,3,AY,1,100,-0.217
1777235765.218914,286890.000,47206,3,AY,1,100,-0.215
1777235765.258915,286930.000,47206,3,AY,1,100,-0.209
1777235765.298916,286970.000,47221,2,AY,1,100,-0.205
1777235765.338917,287010.000,47221,2,AY,1,100,-0.196
1777235765.378918,287050.000,47241,3,AY,1,100,-0.192
1777235765.418919,287090.000,47241,3,AY,1,100,-0.205
1777235765.458920,287130.000,47241,3,AY,1,100,-0.194
1777235765.498920,287170.000,47258,2,AY,1,100,-0.219
1777235765.538921,287210.000,47258,2,AY,1,100,-0.230
1777235765.578922,287250.000,47275,3,AY,1,100,-0.240
1777235765.618923,287290.000,47275,3,AY,1,100,-0.220
1777235765.658924,287330.000,47275,3,AY,1,100,-0.246
1777235765.698925,287370.000,47291,2,AY,1,100,-0.271
1777235765.738925,287410.000,47291,2,AY,1,100,-0.294
1777235765.778926,287450.000,47308,3,AY,1,100,-0.304
1777235765.818927,287490.000,47308,3,AY,1,100,-0.309
1777235765.858928,287530.000,47308,3,AY,1,100,-0.311
1777235765.898929,287570.000,47325,2,AY,1,100,-0.303
1777235765.938930,287610.000,47325,2,AY,1,100,-0.285
1777235765.978930,287650.000,47342,3,AY,1,100,-0.266
1777235766.018931,287690.000,47342,3,AY,1,100,-0.263
1777235766.058932,287730.000,47342,3,AY,1,100,-0.262
1777235766.098933,287770.000,47362,3,AY,1,100,-0.274
1777235766.138934,287810.000,47362,3,AY,1,100,-0.301
1777235766.178935,287850.000,47362,3,AY,1,100,-0.298
1777235766.218935,287890.000,47376,3,AY,1,100,-0.302
1777235766.258936,287930.000,47376,3,AY,1,100,-0.294
1777235766.298937,287970.000,47376,3,AY,1,100,-0.282
1777235766.338938,288010.000,47394,2,AY,1,100,-0.269
1777235766.378939,288050.000,47394,2,AY,1,100,-0.268
1777235766.418940,288090.000,47410,3,AY,1,100,-0.266
1777235766.458941,288130.000,47410,3,AY,1,100,-0.270
1777235766.498941,288170.000,47410,3,AY,1,100,-0.278
1777235766.538942,288210.000,47428,3,AY,1,100,-0.298
1777235766.578943,288250.000,47428,3,AY,1,100,-0.299
1777235766.618944,288290.000,47428,3,AY,1,100,-0.313
1777235766.651945,288323.000,47443,2,AY,1,100,-0.301
1777235766.684945,288356.000,47443,2,AY,1,100,-0.294
1777235766.724946,288396.000,47460,3,AY,1,100,-0.292
1777235766.764947,288436.000,47460,3,AY,1,100,-0.289
1777235766.804948,288476.000,47460,3,AY,1,100,-0.288
1777235766.844949,288516.000,47476,2,AY,1,100,-0.294
1777235766.884950,288556.000,47476,2,AY,1,100,-0.288
1777235766.924951,288596.000,47493,3,AY,1,100,-0.288
1777235766.964951,288636.000,47493,3,AY,1,100,-0.289
1777235767.004952,288676.000,47493,3,AY,1,100,-0.290
1777235767.044953,288716.000,47509,2,AY,1,100,-0.292
1777235767.084954,288756.000,47509,2,AY,1,100,-0.311
1777235767.124955,288796.000,47525,3,AY,1,100,-0.307
1777235767.164956,288836.000,47525,3,AY,1,100,-0.310
1777235767.204957,288876.000,47525,3,AY,1,100,-0.308
1777235767.244957,288916.000,47541,3,AY,1,100,-0.315
1777235767.284958,288956.000,47541,3,AY,1,100,-0.314
1777235767.324959,288996.000,47541,3,AY,1,100,-0.309
1777235767.364960,289036.000,47559,2,AY,1,100,-0.311
1777235767.404961,289076.000,47559,2,AY,1,100,-0.302
1777235767.444962,289116.000,47575,3,AY,1,100,-0.307
1777235767.484962,289156.000,47575,3,AY,1,100,-0.292
1777235767.524963,289196.000,47575,3,AY,1,100,-0.290
1777235767.564964,289236.000,47590,2,AY,1,100,-0.295
1777235767.604965,289276.000,47590,2,AY,1,100,-0.306
1777235767.644966,289316.000,47607,3,AY,1,100,-0.313
1777235767.684967,289356.000,47607,3,AY,1,100,-0.321
1777235767.724967,289396.000,47607,3,AY,1,100,-0.310
1777235767.764968,289436.000,47624,2,AY,1,100,-0.306
1777235767.804969,289476.000,47624,2,AY,1,100,-0.295
1777235767.844970,289516.000,47640,3,AY,1,100,-0.294
1777235767.884971,289556.000,47640,3,AY,1,100,-0.296
1777235767.924972,289596.000,47640,3,AY,1,100,-0.294
1777235767.964972,289636.000,47655,2,AY,1,100,-0.305
1777235768.004973,289676.000,47655,2,AY,1,100,-0.306
1777235768.044974,289716.000,47672,3,AY,1,100,-0.311
1777235768.084975,289756.000,47672,3,AY,1,100,-0.309
1777235768.124976,289796.000,47672,3,AY,1,100,-0.301
1777235768.164977,289836.000,47689,2,AY,1,100,-0.299
1777235768.204978,289876.000,47689,2,AY,1,100,-0.289
1777235768.244978,289916.000,47705,3,AY,1,100,-0.292
1777235768.284979,289956.000,47705,3,AY,1,100,-0.293
1777235768.324980,289996.000,47705,3,AY,1,100,-0.304
1777235768.364981,290036.000,47721,2,AY,1,100,-0.308
1777235768.404982,290076.000,47721,2,AY,1,100,-0.312
1777235768.444983,290116.000,47737,3,AY,1,100,-0.307
1777235768.484983,290156.000,47737,3,AY,1,100,-0.308
1777235768.524984,290196.000,47737,3,AY,1,100,-0.303
1777235768.564985,290236.000,47754,3,AY,1,100,-0.306
1777235768.604986,290276.000,47754,3,AY,1,100,-0.308
1777235768.644987,290316.000,47754,3,AY,1,100,-0.308
1777235768.684988,290356.000,47771,2,AY,1,100,-0.300
1777235768.724989,290396.000,47771,2,AY,1,100,-0.293
1777235768.764989,290436.000,47787,3,AY,1,100,-0.292
1777235768.804990,290476.000,47787,3,AY,1,100,-0.292
1777235768.844991,290516.000,47787,3,AY,1,100,-0.301
1777235768.880659,290551.667,47802,3,AY,1,100,-0.299
1777235768.916326,290587.333,47802,3,AY,1,100,-0.299
1777235768.951993,290623.000,47802,3,AY,1,100,-0.298
1777235768.991994,290663.000,47819,2,AY,1,100,-0.293
1777235769.031995,290703.000,47819,2,AY,1,100,-0.293
1777235769.071996,290743.000,47836,3,AY,1,100,-0.289
1777235769.111997,290783.000,47836,3,AY,1,100,-0.298
1777235769.151998,290823.000,47836,3,AY,1,100,-0.293
1777235769.191998,290863.000,47853,2,AY,1,100,-0.295
1777235769.231999,290903.000,47853,2,AY,1,100,-0.297
1777235769.272000,290943.000,47867,3,AY,1,100,-0.294
1777235769.312001,290983.000,47867,3,AY,1,100,-0.292
1777235769.352002,291023.000,47867,3,AY,1,100,-0.301
1777235769.392003,291063.000,47885,2,AY,1,100,-0.299
1777235769.432003,291103.000,47885,2,AY,1,100,-0.305
1777235769.472004,291143.000,47903,3,AY,1,100,-0.299
1777235769.512005,291183.000,47903,3,AY,1,100,-0.300
1777235769.552006,291223.000,47903,3,AY,1,100,-0.301
1777235769.592007,291263.000,47920,2,AY,1,100,-0.291
1777235769.632008,291303.000,47920,2,AY,1,100,-0.296
1777235769.672009,291343.000,47935,3,AY,1,100,-0.298
1777235769.712009,291383.000,47935,3,AY,1,100,-0.298
1777235769.752010,291423.000,47935,3,AY,1,100,-0.311
1777235769.792011,291463.000,47952,2,AY,1,100,-0.304
1777235769.832012,291503.000,47952,2,AY,1,100,-0.301
1777235769.872013,291543.000,47968,3,AY,1,100,-0.289
1777235769.912014,291583.000,47968,3,AY,1,100,-0.291
1777235769.952015,291623.000,47968,3,AY,1,100,-0.289
1777235769.992015,291663.000,47986,2,AY,1,100,-0.295
1777235770.032016,291703.000,47986,2,AY,1,100,-0.300
1777235770.072017,291743.000,48002,3,AY,1,100,-0.307
1777235770.112018,291783.000,48002,3,AY,1,100,-0.310
1777235770.152019,291823.000,48002,3,AY,1,100,-0.317
1777235770.192020,291863.000,48021,3,AY,1,100,-0.307
1777235770.232021,291903.000,48021,3,AY,1,100,-0.301
1777235770.272021,291943.000,48021,3,AY,1,100,-0.306
1777235770.312022,291983.000,48037,2,AY,1,100,-0.294
1777235770.352023,292023.000,48037,2,AY,1,100,-0.299
1777235770.392024,292063.000,48055,3,AY,1,100,-0.299
1777235770.432025,292103.000,48055,3,AY,1,100,-0.304
1777235770.472026,292143.000,48055,3,AY,1,100,-0.311
1777235770.512027,292183.000,48069,2,AY,1,100,-0.308
1777235770.552027,292223.000,48069,2,AY,1,100,-0.302
1777235770.592028,292263.000,48086,3,AY,1,100,-0.285
1777235770.632029,292303.000,48086,3,AY,1,100,-0.285
1777235770.672030,292343.000,48086,3,AY,1,100,-0.303
1777235770.712031,292383.000,48103,2,AY,1,100,-0.314
1777235770.752032,292423.000,48103,2,AY,1,100,-0.321
1777235770.792032,292463.000,48120,3,AY,1,100,-0.313
1777235770.832033,292503.000,48120,3,AY,1,100,-0.303
1777235770.872034,292543.000,48120,3,AY,1,100,-0.297
1777235770.912035,292583.000,48135,2,AY,1,100,-0.307
1777235770.952036,292623.000,48135,2,AY,1,100,-0.305
1777235770.992037,292663.000,48152,3,AY,1,100,-0.304
1777235771.032037,292703.000,48152,3,AY,1,100,-0.301
1777235771.072038,292743.000,48152,3,AY,1,100,-0.300
1777235771.112039,292783.000,48168,2,AY,1,100,-0.297
1777235771.152040,292823.000,48168,2,AY,1,100,-0.299
1777235771.192041,292863.000,48190,4,AY,1,100,-0.301
1777235771.232042,292903.000,48190,4,AY,1,100,-0.297
1777235771.272043,292943.000,48190,4,AY,1,100,-0.289
1777235771.312043,292983.000,48190,4,AY,1,100,-0.296
1777235771.347378,293018.333,48209,3,AY,1,100,-0.308
1777235771.382712,293053.667,48209,3,AY,1,100,-0.315
1777235771.418046,293089.000,48209,3,AY,1,100,-0.318
1777235771.458046,293129.000,48226,2,AY,1,100,-0.310
1777235771.498047,293169.000,48226,2,AY,1,100,-0.290
1777235771.538048,293209.000,48240,3,AY,1,100,-0.288
1777235771.578049,293249.000,48240,3,AY,1,100,-0.295
1777235771.618050,293289.000,48240,3,AY,1,100,-0.304
1777235771.658051,293329.000,48258,2,AY,1,100,-0.302
1777235771.698051,293369.000,48258,2,AY,1,100,-0.301
1777235771.738052,293409.000,48274,3,AY,1,100,-0.298
1777235771.778053,293449.000,48274,3,AY,1,100,-0.296
1777235771.818054,293489.000,48274,3,AY,1,100,-0.298
1777235771.858055,293529.000,48293,3,AY,1,100,-0.301
1777235771.898056,293569.000,48293,3,AY,1,100,-0.309
1777235771.938057,293609.000,48293,3,AY,1,100,-0.303
1777235771.978057,293649.000,48307,2,AY,1,100,-0.305
1777235772.018058,293689.000,48307,2,AY,1,100,-0.296
1777235772.058059,293729.000,48325,3,AY,1,100,-0.303
1777235772.098060,293769.000,48325,3,AY,1,100,-0.302
1777235772.138061,293809.000,48325,3,AY,1,100,-0.305
1777235772.178062,293849.000,48341,2,AY,1,100,-0.313
1777235772.218063,293889.000,48341,2,AY,1,100,-0.324
1777235772.258063,293929.000,48358,3,AY,1,100,-0.332
1777235772.298064,293969.000,48358,3,AY,1,100,-0.330
1777235772.338065,294009.000,48358,3,AY,1,100,-0.323
1777235772.378066,294049.000,48373,2,AY,1,100,-0.320
1777235772.418067,294089.000,48373,2,AY,1,100,-0.326
1777235772.458068,294129.000,48390,3,AY,1,100,-0.319
1777235772.498069,294169.000,48390,3,AY,1,100,-0.319
1777235772.538069,294209.000,48390,3,AY,1,100,-0.313
1777235772.578070,294249.000,48406,2,AY,1,100,-0.311
1777235772.618071,294289.000,48406,2,AY,1,100,-0.309
1777235772.658072,294329.000,48424,3,AY,1,100,-0.307
1777235772.698073,294369.000,48424,3,AY,1,100,-0.314
1777235772.738074,294409.000,48424,3,AY,1,100,-0.321
1777235772.778075,294449.000,48439,2,AY,1,100,-0.323
1777235772.818075,294489.000,48439,2,AY,1,100,-0.321
1777235772.858076,294529.000,48457,3,AY,1,100,-0.316
1777235772.898077,294569.000,48457,3,AY,1,100,-0.316
1777235772.938078,294609.000,48457,3,AY,1,100,-0.314
1777235772.978079,294649.000,48473,3,AY,1,100,-0.315
1777235773.018080,294689.000,48473,3,AY,1,100,-0.319
1777235773.058080,294729.000,48473,3,AY,1,100,-0.316
1777235773.098081,294769.000,48491,2,AY,1,100,-0.311
1777235773.138082,294809.000,48491,2,AY,1,100,-0.311
1777235773.178083,294849.000,48507,3,AY,1,100,-0.315
1777235773.218084,294889.000,48507,3,AY,1,100,-0.313
1777235773.258085,294929.000,48507,3,AY,1,100,-0.318
1777235773.298085,294969.000,48522,2,AY,1,100,-0.309
1777235773.338086,295009.000,48522,2,AY,1,100,-0.314
1777235773.378087,295049.000,48539,3,AY,1,100,-0.315
1777235773.418088,295089.000,48539,3,AY,1,100,-0.308
1777235773.458089,295129.000,48539,3,AY,1,100,-0.303
1777235773.493756,295164.667,48556,3,AY,1,100,-0.308
1777235773.529424,295200.333,48556,3,AY,1,100,-0.310
1777235773.565091,295236.000,48556,3,AY,1,100,-0.313
1777235773.605092,295276.000,48572,2,AY,1,100,-0.312
1777235773.645093,295316.000,48572,2,AY,1,100,-0.312
1777235773.685094,295356.000,48588,3,AY,1,100,-0.312
1777235773.725095,295396.000,48588,3,AY,1,100,-0.312
1777235773.765095,295436.000,48588,3,AY,1,100,-0.312
1777235773.805096,295476.000,48604,2,AY,1,100,-0.304
1777235773.845097,295516.000,48604,2,AY,1,100,-0.310
1777235773.885098,295556.000,48621,3,AY,1,100,-0.311
1777235773.925099,295596.000,48621,3,AY,1,100,-0.313
1777235773.965100,295636.000,48621,3,AY,1,100,-0.312
1777235774.005100,295676.000,48638,2,AY,1,100,-0.310
1777235774.045101,295716.000,48638,2,AY,1,100,-0.312
1777235774.085102,295756.000,48653,3,AY,1,100,-0.334
1777235774.125103,295796.000,48653,3,AY,1,100,-0.344
1777235774.165104,295836.000,48653,3,AY,1,100,-0.300
1777235774.204605,295875.500,48671,2,AY,1,100,-0.259
1777235774.244106,295915.000,48671,2,AY,1,100,-0.248
1777235774.284106,295955.000,48688,3,AY,1,100,-0.232
1777235774.324107,295995.000,48688,3,AY,1,100,-0.230
1777235774.364108,296035.000,48688,3,AY,1,100,-0.214
1777235774.404109,296075.000,48705,2,AY,1,100,-0.211
1777235774.444110,296115.000,48705,2,AY,1,100,-0.214
1777235774.484111,296155.000,48720,3,AY,1,100,-0.227
1777235774.524112,296195.000,48720,3,AY,1,100,-0.225
1777235774.564112,296235.000,48720,3,AY,1,100,-0.219
1777235774.604113,296275.000,48736,2,AY,1,100,-0.196
1777235774.644114,296315.000,48736,2,AY,1,100,-0.187
1777235774.684115,296355.000,48754,3,AY,1,100,-0.213
1777235774.724116,296395.000,48754,3,AY,1,100,-0.217
1777235774.764117,296435.000,48754,3,AY,1,100,-0.222
1777235774.804117,296475.000,48770,3,AY,1,100,-0.220
1777235774.844118,296515.000,48770,3,AY,1,100,-0.221
1777235774.884119,296555.000,48770,3,AY,1,100,-0.202
1777235774.924120,296595.000,48786,2,AY,1,100,-0.202
1777235774.964121,296635.000,48786,2,AY,1,100,-0.202
1777235775.004122,296675.000,48802,3,AY,1,100,-0.213
1777235775.044122,296715.000,48802,3,AY,1,100,-0.220
1777235775.084123,296755.000,48802,3,AY,1,100,-0.228
1777235775.124124,296795.000,48821,2,AY,1,100,-0.220
1777235775.164125,296835.000,48821,2,AY,1,100,-0.225
1777235775.204126,296875.000,48837,3,AY,1,100,-0.224
1777235775.244127,296915.000,48837,3,AY,1,100,-0.227
1777235775.284127,296955.000,48837,3,AY,1,100,-0.224
1777235775.324128,296995.000,48853,2,AY,1,100,-0.223
1777235775.364129,297035.000,48853,2,AY,1,100,-0.228
1777235775.404130,297075.000,48869,3,AY,1,100,-0.232
1777235775.444131,297115.000,48869,3,AY,1,100,-0.238
1777235775.484132,297155.000,48869,3,AY,1,100,-0.235
1777235775.524132,297195.000,48886,2,AY,1,100,-0.235
1777235775.564133,297235.000,48886,2,AY,1,100,-0.233
1777235775.604134,297275.000,48902,3,AY,1,100,-0.232
1777235775.644135,297315.000,48902,3,AY,1,100,-0.236
1777235775.684136,297355.000,48902,3,AY,1,100,-0.233
1777235775.724137,297395.000,48920,2,AY,1,100,-0.237
1777235775.764138,297435.000,48920,2,AY,1,100,-0.234
1777235775.804138,297475.000,48934,3,AY,1,100,-0.232
1777235775.844139,297515.000,48934,3,AY,1,100,-0.231
1777235775.884140,297555.000,48934,3,AY,1,100,-0.229
1777235775.919808,297590.667,48951,3,AY,1,100,-0.233
1777235775.955475,297626.333,48951,3,AY,1,100,-0.232
1777235775.991143,297662.000,48951,3,AY,1,100,-0.238
1777235776.031143,297702.000,48970,2,AY,1,100,-0.235
1777235776.071144,297742.000,48970,2,AY,1,100,-0.234
1777235776.111145,297782.000,48987,3,AY,1,100,-0.235
1777235776.151146,297822.000,48987,3,AY,1,100,-0.240
1777235776.191147,297862.000,48987,3,AY,1,100,-0.245
1777235776.231148,297902.000,49001,2,AY,1,100,-0.244
1777235776.271148,297942.000,49001,2,AY,1,100,-0.241
1777235776.311149,297982.000,49026,4,AY,1,100,-0.227
1777235776.351150,298022.000,49026,4,AY,1,100,-0.220
1777235776.391151,298062.000,49026,4,AY,1,100,-0.219
1777235776.431152,298102.000,49026,4,AY,1,100,-0.228
1777235776.471153,298142.000,49042,2,AY,1,100,-0.235
1777235776.511153,298182.000,49042,2,AY,1,100,-0.236
1777235776.551154,298222.000,49059,3,AY,1,100,-0.248
1777235776.591155,298262.000,49059,3,AY,1,100,-0.254
1777235776.631156,298302.000,49059,3,AY,1,100,-0.256
1777235776.671157,298342.000,49076,2,AY,1,100,-0.255
1777235776.711158,298382.000,49076,2,AY,1,100,-0.250
1777235776.751158,298422.000,49091,3,AY,1,100,-0.245
1777235776.791159,298462.000,49091,3,AY,1,100,-0.241
1777235776.831160,298502.000,49091,3,AY,1,100,-0.251
1777235776.871161,298542.000,49107,2,AY,1,100,-0.252
1777235776.911162,298582.000,49107,2,AY,1,100,-0.257
1777235776.951496,298622.333,49124,3,AY,1,100,-0.257
1777235776.991830,298662.667,49124,3,AY,1,100,-0.258
1777235777.032165,298703.000,49124,3,AY,1,100,-0.263
1777235777.071832,298742.667,49143,3,AY,1,100,-0.260
1777235777.111500,298782.333,49143,3,AY,1,100,-0.260
1777235777.151167,298822.000,49143,3,AY,1,100,-0.261
1777235777.191168,298862.000,49159,2,AY,1,100,-0.254
1777235777.231169,298902.000,49159,2,AY,1,100,-0.253
1777235777.271170,298942.000,49174,3,AY,1,100,-0.252
1777235777.311170,298982.000,49174,3,AY,1,100,-0.260
1777235777.351171,299022.000,49174,3,AY,1,100,-0.262
1777235777.391172,299062.000,49192,2,AY,1,100,-0.264
1777235777.431173,299102.000,49192,2,AY,1,100,-0.262
1777235777.471174,299142.000,49208,3,AY,1,100,-0.264
1777235777.511175,299182.000,49208,3,AY,1,100,-0.259
1777235777.551176,299222.000,49208,3,AY,1,100,-0.265
1777235777.591176,299262.000,49225,2,AY,1,100,-0.257
1777235777.631177,299302.000,49225,2,AY,1,100,-0.256
1777235777.671178,299342.000,49240,3,AY,1,100,-0.255
1777235777.711179,299382.000,49240,3,AY,1,100,-0.256
1777235777.751180,299422.000,49240,3,AY,1,100,-0.258
1777235777.791181,299462.000,49257,2,AY,1,100,-0.256
1777235777.831182,299502.000,49257,2,AY,1,100,-0.254
1777235777.871182,299542.000,49273,3,AY,1,100,-0.261
1777235777.911183,299582.000,49273,3,AY,1,100,-0.277
1777235777.951184,299622.000,49273,3,AY,1,100,-0.326
1777235777.991185,299662.000,49293,2,AY,1,100,-0.320
1777235778.031186,299702.000,49293,2,AY,1,100,-0.286
1777235778.071187,299742.000,49307,3,AY,1,100,-0.283
1777235778.111187,299782.000,49307,3,AY,1,100,-0.219
1777235778.151188,299822.000,49307,3,AY,1,100,-0.205
1777235778.191189,299862.000,49324,2,AY,1,100,-0.211
1777235778.231190,299902.000,49324,2,AY,1,100,-0.224
1777235778.266524,299937.333,49342,3,AY,1,100,-0.238
1777235778.301858,299972.667,49342,3,AY,1,100,-0.236
1777235778.337192,300008.000,49342,3,AY,1,100,-0.212
1777235778.377193,300048.000,49360,3,AY,1,100,-0.220
1777235778.417194,300088.000,49360,3,AY,1,100,-0.196
1777235778.457195,300128.000,49360,3,AY,1,100,-0.180
1777235778.497195,300168.000,49374,2,AY,1,100,-0.185
1777235778.537196,300208.000,49374,2,AY,1,100,-0.132
1777235778.577197,300248.000,49391,3,AY,1,100,-0.119
1777235778.617198,300288.000,49391,3,AY,1,100,-0.146
1777235778.657199,300328.000,49391,3,AY,1,100,-0.156
1777235778.697200,300368.000,49408,3,AY,1,100,-0.172
1777235778.737200,300408.000,49408,3,AY,1,100,-0.144
1777235778.777201,300448.000,49408,3,AY,1,100,-0.111
1777235778.817202,300488.000,49425,2,AY,1,100,-0.073
1777235778.857203,300528.000,49425,2,AY,1,100,-0.055
1777235778.897204,300568.000,49439,3,AY,1,100,-0.081
1777235778.937205,300608.000,49439,3,AY,1,100,-0.112
1777235778.977206,300648.000,49439,3,AY,1,100,-0.132
1777235779.017206,300688.000,49457,2,AY,1,100,-0.157
1777235779.057207,300728.000,49457,2,AY,1,100,-0.171
1777235779.097208,300768.000,49473,3,AY,1,100,-0.152
1777235779.137209,300808.000,49473,3,AY,1,100,-0.140
1777235779.177210,300848.000,49473,3,AY,1,100,-0.172
1777235779.217211,300888.000,49490,2,AY,1,100,-0.168
1777235779.257212,300928.000,49490,2,AY,1,100,-0.153
1777235779.297212,300968.000,49505,3,AY,1,100,-0.157
1777235779.337213,301008.000,49505,3,AY,1,100,-0.161
1777235779.377214,301048.000,49505,3,AY,1,100,-0.190
1777235779.417215,301088.000,49522,2,AY,1,100,-0.213
1777235779.457216,301128.000,49522,2,AY,1,100,-0.285
1777235779.497217,301168.000,49538,3,AY,1,100,-0.317
1777235779.537218,301208.000,49538,3,AY,1,100,-0.343
1777235779.577218,301248.000,49538,3,AY,1,100,-0.365
1777235779.617219,301288.000,49555,2,AY,1,100,-0.374
1777235779.657220,301328.000,49555,2,AY,1,100,-0.414
1777235779.697221,301368.000,49571,3,AY,1,100,-0.395
1777235779.737222,301408.000,49571,3,AY,1,100,-0.339
1777235779.777223,301448.000,49571,3,AY,1,100,-0.295
1777235779.817224,301488.000,49587,2,AY,1,100,-0.266
1777235779.857224,301528.000,49587,2,AY,1,100,-0.240
1777235779.897225,301568.000,49603,3,AY,1,100,-0.228
1777235779.937226,301608.000,49603,3,AY,1,100,-0.221
1777235779.977227,301648.000,49603,3,AY,1,100,-0.245
1777235780.017228,301688.000,49621,2,AY,1,100,-0.248
1777235780.057229,301728.000,49621,2,AY,1,100,-0.256
1777235780.097229,301768.000,49639,3,AY,1,100,-0.261
1777235780.137230,301808.000,49639,3,AY,1,100,-0.261
1777235780.177231,301848.000,49639,3,AY,1,100,-0.267
1777235780.217232,301888.000,49654,2,AY,1,100,-0.254
1777235780.257233,301928.000,49654,2,AY,1,100,-0.248
1777235780.297234,301968.000,49671,3,AY,1,100,-0.233
1777235780.337234,302008.000,49671,3,AY,1,100,-0.230
1777235780.377235,302048.000,49671,3,AY,1,100,-0.226
1777235780.417236,302088.000,49688,3,AY,1,100,-0.234
1777235780.457237,302128.000,49688,3,AY,1,100,-0.229
1777235780.497238,302168.000,49688,3,AY,1,100,-0.249
1777235780.530739,302201.500,49704,2,AY,1,100,-0.264
1777235780.564239,302235.000,49704,2,AY,1,100,-0.261
1777235780.604240,302275.000,49719,3,AY,1,100,-0.268
1777235780.644241,302315.000,49719,3,AY,1,100,-0.266
1777235780.684242,302355.000,49719,3,AY,1,100,-0.264
1777235780.724243,302395.000,49736,3,AY,1,100,-0.268
1777235780.764244,302435.000,49736,3,AY,1,100,-0.272
1777235780.804244,302475.000,49736,3,AY,1,100,-0.267
1777235780.844245,302515.000,49753,2,AY,1,100,-0.264
1777235780.884246,302555.000,49753,2,AY,1,100,-0.272
1777235780.924247,302595.000,49769,3,AY,1,100,-0.272
1777235780.964248,302635.000,49769,3,AY,1,100,-0.263
1777235781.004249,302675.000,49769,3,AY,1,100,-0.262
1777235781.044250,302715.000,49785,2,AY,1,100,-0.254
1777235781.084250,302755.000,49785,2,AY,1,100,-0.249
1777235781.124251,302795.000,49801,3,AY,1,100,-0.255
1777235781.164252,302835.000,49801,3,AY,1,100,-0.250
1777235781.204253,302875.000,49801,3,AY,1,100,-0.251
1777235781.244254,302915.000,49818,2,AY,1,100,-0.255
1777235781.284255,302955.000,49818,2,AY,1,100,-0.255
1777235781.324255,302995.000,49837,3,AY,1,100,-0.258
1777235781.364256,303035.000,49837,3,AY,1,100,-0.259
1777235781.404257,303075.000,49837,3,AY,1,100,-0.268
1777235781.444258,303115.000,49859,3,AY,1,100,-0.267
1777235781.484259,303155.000,49859,3,AY,1,100,-0.270
1777235781.524260,303195.000,49859,3,AY,1,100,-0.273
1777235781.564260,303235.000,49875,3,AY,1,100,-0.278
1777235781.604261,303275.000,49875,3,AY,1,100,-0.284
1777235781.644262,303315.000,49875,3,AY,1,100,-0.283
1777235781.684263,303355.000,49891,2,AY,1,100,-0.289
1777235781.724264,303395.000,49891,2,AY,1,100,-0.284
1777235781.764265,303435.000,49907,3,AY,1,100,-0.278
1777235781.804265,303475.000,49907,3,AY,1,100,-0.280
1777235781.844266,303515.000,49907,3,AY,1,100,-0.285
1777235781.884267,303555.000,49924,3,AY,1,100,-0.276
1777235781.924268,303595.000,49924,3,AY,1,100,-0.272
1777235781.964269,303635.000,49924,3,AY,1,100,-0.275
1777235782.004270,303675.000,49941,2,AY,1,100,-0.274
1777235782.044271,303715.000,49941,2,AY,1,100,-0.270
1777235782.084271,303755.000,49956,3,AY,1,100,-0.271
1777235782.124272,303795.000,49956,3,AY,1,100,-0.264
1777235782.164273,303835.000,49956,3,AY,1,100,-0.267
1777235782.204274,303875.000,49972,2,AY,1,100,-0.265
1777235782.244275,303915.000,49972,2,AY,1,100,-0.259
1777235782.284276,303955.000,49989,3,AY,1,100,-0.257
1777235782.324276,303995.000,49989,3,AY,1,100,-0.249
1777235782.364277,304035.000,49989,3,AY,1,100,-0.241
1777235782.403778,304074.500,50006,2,AY,1,100,-0.236
1777235782.443279,304114.000,50006,2,AY,1,100,-0.240
1777235782.483613,304154.333,50021,3,AY,1,100,-0.239
1777235782.523947,304194.667,50021,3,AY,1,100,-0.240
1777235782.564282,304235.000,50021,3,AY,1,100,-0.234
1777235782.604282,304275.000,50037,2,AY,1,100,-0.243
1777235782.644283,304315.000,50037,2,AY,1,100,-0.251
1777235782.684284,304355.000,50055,3,AY,1,100,-0.250
1777235782.724285,304395.000,50055,3,AY,1,100,-0.246
1777235782.764286,304435.000,50055,3,AY,1,100,-0.233
1777235782.804287,304475.000,50071,3,AY,1,100,-0.225
1777235782.844288,304515.000,50071,3,AY,1,100,-0.218
1777235782.884288,304555.000,50071,3,AY,1,100,-0.228
1777235782.924289,304595.000,50087,2,AY,1,100,-0.231
1777235782.964290,304635.000,50087,2,AY,1,100,-0.239
1777235782.999624,304670.333,50105,3,AY,1,100,-0.242
1777235783.034958,304705.667,50105,3,AY,1,100,-0.237
1777235783.070292,304741.000,50105,3,AY,1,100,-0.236
1777235783.110293,304781.000,50122,2,AY,1,100,-0.234
1777235783.150294,304821.000,50122,2,AY,1,100,-0.238
1777235783.190295,304861.000,50138,3,AY,1,100,-0.235
1777235783.230296,304901.000,50138,3,AY,1,100,-0.234
1777235783.270297,304941.000,50138,3,AY,1,100,-0.232
1777235783.310297,304981.000,50154,2,AY,1,100,-0.228
1777235783.350298,305021.000,50154,2,AY,1,100,-0.226
1777235783.390299,305061.000,50170,3,AY,1,100,-0.228
1777235783.430300,305101.000,50170,3,AY,1,100,-0.231
1777235783.470301,305141.000,50170,3,AY,1,100,-0.233
1777235783.510302,305181.000,50187,3,AY,1,100,-0.225
1777235783.550303,305221.000,50187,3,AY,1,100,-0.230
1777235783.590303,305261.000,50187,3,AY,1,100,-0.235
1777235783.630304,305301.000,50203,2,AY,1,100,-0.235
1777235783.670305,305341.000,50203,2,AY,1,100,-0.235
1777235783.710306,305381.000,50223,3,AY,1,100,-0.233
1777235783.750307,305421.000,50223,3,AY,1,100,-0.233
1777235783.790308,305461.000,50223,3,AY,1,100,-0.232
1777235783.830308,305501.000,50237,2,AY,1,100,-0.232
1777235783.870309,305541.000,50237,2,AY,1,100,-0.237
1777235783.910310,305581.000,50254,3,AY,1,100,-0.234
1777235783.950311,305621.000,50254,3,AY,1,100,-0.232
1777235783.990312,305661.000,50254,3,AY,1,100,-0.230
1777235784.030313,305701.000,50271,2,AY,1,100,-0.231
1777235784.070313,305741.000,50271,2,AY,1,100,-0.235
1777235784.110314,305781.000,50288,3,AY,1,100,-0.236
1777235784.150315,305821.000,50288,3,AY,1,100,-0.235
1777235784.190316,305861.000,50288,3,AY,1,100,-0.233
1777235784.230317,305901.000,50302,2,AY,1,100,-0.237
1777235784.270318,305941.000,50302,2,AY,1,100,-0.236
1777235784.310319,305981.000,50320,3,AY,1,100,-0.236
1777235784.350319,306021.000,50320,3,AY,1,100,-0.236
1777235784.390320,306061.000,50320,3,AY,1,100,-0.238
1777235784.430321,306101.000,50338,2,AY,1,100,-0.237
1777235784.470322,306141.000,50338,2,AY,1,100,-0.235
1777235784.510323,306181.000,50355,3,AY,1,100,-0.239
1777235784.550324,306221.000,50355,3,AY,1,100,-0.243
1777235784.590325,306261.000,50355,3,AY,1,100,-0.241
1777235784.630325,306301.000,50369,2,AY,1,100,-0.242
1777235784.670326,306341.000,50369,2,AY,1,100,-0.245
1777235784.710327,306381.000,50387,3,AY,1,100,-0.246
1777235784.750328,306421.000,50387,3,AY,1,100,-0.249
1777235784.790329,306461.000,50387,3,AY,1,100,-0.247
1777235784.830330,306501.000,50403,3,AY,1,100,-0.245
1777235784.870331,306541.000,50403,3,AY,1,100,-0.248
1777235784.910331,306581.000,50403,3,AY,1,100,-0.247
1777235784.950332,306621.000,50420,2,AY,1,100,-0.248
1777235784.990333,306661.000,50420,2,AY,1,100,-0.247
1777235785.030667,306701.333,50435,3,AY,1,100,-0.240
1777235785.071001,306741.667,50435,3,AY,1,100,-0.242
1777235785.111336,306782.000,50435,3,AY,1,100,-0.240
1777235785.151336,306822.000,50454,2,AY,1,100,-0.241
1777235785.191337,306862.000,50454,2,AY,1,100,-0.241
1777235785.231338,306902.000,50470,3,AY,1,100,-0.238
1777235785.271339,306942.000,50470,3,AY,1,100,-0.240
1777235785.311340,306982.000,50470,3,AY,1,100,-0.238
1777235785.346674,307017.333,50488,3,AY,1,100,-0.240
1777235785.382008,307052.667,50488,3,AY,1,100,-0.239
1777235785.417342,307088.000,50488,3,AY,1,100,-0.238
1777235785.457343,307128.000,50503,2,AY,1,100,-0.238
1777235785.497344,307168.000,50503,2,AY,1,100,-0.239
1777235785.537345,307208.000,50521,3,AY,1,100,-0.236
1777235785.577345,307248.000,50521,3,AY,1,100,-0.238
1777235785.617346,307288.000,50521,3,AY,1,100,-0.236
1777235785.657347,307328.000,50538,2,AY,1,100,-0.233
1777235785.697348,307368.000,50538,2,AY,1,100,-0.233
1777235785.737015,307407.667,50555,3,AY,1,100,-0.236
1777235785.776683,307447.333,50555,3,AY,1,100,-0.233
1777235785.816350,307487.000,50555,3,AY,1,100,-0.237
1777235785.856851,307527.500,50571,2,AY,1,100,-0.238
1777235785.897352,307568.000,50571,2,AY,1,100,-0.244
1777235785.937020,307607.667,50586,3,AY,1,100,-0.237
1777235785.976687,307647.333,50586,3,AY,1,100,-0.227
1777235786.016355,307687.000,50586,3,AY,1,100,-0.231
1777235786.056856,307727.500,50603,2,AY,1,100,-0.242
1777235786.097356,307768.000,50603,2,AY,1,100,-0.251
1777235786.137024,307807.667,50622,3,AY,1,100,-0.283
1777235786.176692,307847.333,50622,3,AY,1,100,-0.307
1777235786.216359,307887.000,50622,3,AY,1,100,-0.325
1777235786.256360,307927.000,50638,2,AY,1,100,-0.316
1777235786.296361,307967.000,50638,2,AY,1,100,-0.320
1777235786.336361,308007.000,50654,3,AY,1,100,-0.304
1777235786.376362,308047.000,50654,3,AY,1,100,-0.292
1777235786.416363,308087.000,50654,3,AY,1,100,-0.260
1777235786.456697,308127.333,50670,3,AY,1,100,-0.277
1777235786.497031,308167.667,50670,3,AY,1,100,-0.253
1777235786.537366,308208.000,50670,3,AY,1,100,-0.259
1777235786.577033,308247.667,50690,3,AY,1,100,-0.216
1777235786.616701,308287.333,50690,3,AY,1,100,-0.198
1777235786.656368,308327.000,50690,3,AY,1,100,-0.181
1777235786.696369,308367.000,50707,3,AY,1,100,-0.216
1777235786.736370,308407.000,50707,3,AY,1,100,-0.224
1777235786.776371,308447.000,50707,3,AY,1,100,-0.235
1777235786.816872,308487.500,50724,2,AY,1,100,-0.239
1777235786.857373,308528.000,50724,2,AY,1,100,-0.245
1777235786.897040,308567.667,50738,3,AY,1,100,-0.244
1777235786.936707,308607.333,50738,3,AY,1,100,-0.240
1777235786.976375,308647.000,50738,3,AY,1,100,-0.239
1777235787.016376,308687.000,50756,2,AY,1,100,-0.220
1777235787.056377,308727.000,50756,2,AY,1,100,-0.219
1777235787.096378,308767.000,50772,3,AY,1,100,-0.209
1777235787.136379,308807.000,50772,3,AY,1,100,-0.214
1777235787.176379,308847.000,50772,3,AY,1,100,-0.192
1777235787.216380,308887.000,50789,2,AY,1,100,-0.190
1777235787.256381,308927.000,50789,2,AY,1,100,-0.163
1777235787.296382,308967.000,50804,3,AY,1,100,-0.151
1777235787.336383,309007.000,50804,3,AY,1,100,-0.146
1777235787.376384,309047.000,50804,3,AY,1,100,-0.124
1777235787.416384,309087.000,50821,2,AY,1,100,-0.151
1777235787.456385,309127.000,50821,2,AY,1,100,-0.183
1777235787.496386,309167.000,50837,3,AY,1,100,-0.194
1777235787.536387,309207.000,50837,3,AY,1,100,-0.201
1777235787.576388,309247.000,50837,3,AY,1,100,-0.220
1777235787.612055,309282.667,50854,3,AY,1,100,-0.233
1777235787.647722,309318.333,50854,3,AY,1,100,-0.243
1777235787.683390,309354.000,50854,3,AY,1,100,-0.246
1777235787.723391,309394.000,50871,2,AY,1,100,-0.273
1777235787.763392,309434.000,50871,2,AY,1,100,-0.279
1777235787.803726,309474.333,50886,3,AY,1,100,-0.300
1777235787.844060,309514.667,50886,3,AY,1,100,-0.301
1777235787.884394,309555.000,50886,3,AY,1,100,-0.301
1777235787.924395,309595.000,50902,2,AY,1,100,-0.279
1777235787.964396,309635.000,50902,2,AY,1,100,-0.262
1777235788.004397,309675.000,50920,3,AY,1,100,-0.251
1777235788.044398,309715.000,50920,3,AY,1,100,-0.241
1777235788.084399,309755.000,50920,3,AY,1,100,-0.239
1777235788.124399,309795.000,50936,2,AY,1,100,-0.229
1777235788.164400,309835.000,50936,2,AY,1,100,-0.232
1777235788.204401,309875.000,50951,3,AY,1,100,-0.232
1777235788.244402,309915.000,50951,3,AY,1,100,-0.223
1777235788.284403,309955.000,50951,3,AY,1,100,-0.225
1777235788.324404,309995.000,50968,3,AY,1,100,-0.223
1777235788.364404,310035.000,50968,3,AY,1,100,-0.229
1777235788.404405,310075.000,50968,3,AY,1,100,-0.231
1777235788.444406,310115.000,50985,2,AY,1,100,-0.236
1777235788.484407,310155.000,50985,2,AY,1,100,-0.246
1777235788.524408,310195.000,51003,3,AY,1,100,-0.243
1777235788.564409,310235.000,51003,3,AY,1,100,-0.244
1777235788.604409,310275.000,51003,3,AY,1,100,-0.242
1777235788.644410,310315.000,51018,2,AY,1,100,-0.244
1777235788.684411,310355.000,51018,2,AY,1,100,-0.251
1777235788.724412,310395.000,51035,3,AY,1,100,-0.241
1777235788.764413,310435.000,51035,3,AY,1,100,-0.240
1777235788.804414,310475.000,51035,3,AY,1,100,-0.234
1777235788.843915,310514.500,51052,2,AY,1,100,-0.227
1777235788.883415,310554.000,51052,2,AY,1,100,-0.230
1777235788.923416,310594.000,51068,3,AY,1,100,-0.236
1777235788.963417,310634.000,51068,3,AY,1,100,-0.240
1777235789.003418,310674.000,51068,3,AY,1,100,-0.250
1777235789.043419,310714.000,51084,2,AY,1,100,-0.255
1777235789.083420,310754.000,51084,2,AY,1,100,-0.264
1777235789.123420,310794.000,51100,3,AY,1,100,-0.261
1777235789.163421,310834.000,51100,3,AY,1,100,-0.260
1777235789.203422,310874.000,51100,3,AY,1,100,-0.256
1777235789.243423,310914.000,51117,2,AY,1,100,-0.263
1777235789.283424,310954.000,51117,2,AY,1,100,-0.275
1777235789.323425,310994.000,51134,3,AY,1,100,-0.269
1777235789.363425,311034.000,51134,3,AY,1,100,-0.281
1777235789.403426,311074.000,51134,3,AY,1,100,-0.278
1777235789.443427,311114.000,51150,2,AY,1,100,-0.287
1777235789.483428,311154.000,51150,2,AY,1,100,-0.285
1777235789.523429,311194.000,51165,3,AY,1,100,-0.288
1777235789.563430,311234.000,51165,3,AY,1,100,-0.269
1777235789.603431,311274.000,51165,3,AY,1,100,-0.235
1777235789.643431,311314.000,51182,2,AY,1,100,-0.219
1777235789.683432,311354.000,51182,2,AY,1,100,-0.259
1777235789.723433,311394.000,51199,3,AY,1,100,-0.250
1777235789.763434,311434.000,51199,3,AY,1,100,-0.238
1777235789.803435,311474.000,51199,3,AY,1,100,-0.264
1777235789.843436,311514.000,51216,3,AY,1,100,-0.254
1777235789.883437,311554.000,51216,3,AY,1,100,-0.238
1777235789.923437,311594.000,51216,3,AY,1,100,-0.238
1777235789.956438,311627.000,51230,2,AY,1,100,-0.238
1777235789.989439,311660.000,51230,2,AY,1,100,-0.230
1777235790.029440,311700.000,51250,3,AY,1,100,-0.228
1777235790.069441,311740.000,51250,3,AY,1,100,-0.244
1777235790.109441,311780.000,51250,3,AY,1,100,-0.243
1777235790.149442,311820.000,51266,3,AY,1,100,-0.243
1777235790.189443,311860.000,51266,3,AY,1,100,-0.239
1777235790.229444,311900.000,51266,3,AY,1,100,-0.270
1777235790.269445,311940.000,51285,2,AY,1,100,-0.242
1777235790.309446,311980.000,51285,2,AY,1,100,-0.230
1777235790.349447,312020.000,51300,3,AY,1,100,-0.200
1777235790.389447,312060.000,51300,3,AY,1,100,-0.157
1777235790.429448,312100.000,51300,3,AY,1,100,-0.135
1777235790.469449,312140.000,51317,2,AY,1,100,-0.168
1777235790.509450,312180.000,51317,2,AY,1,100,-0.191
1777235790.549451,312220.000,51333,3,AY,1,100,-0.214
1777235790.589452,312260.000,51333,3,AY,1,100,-0.236
1777235790.629452,312300.000,51333,3,AY,1,100,-0.186
1777235790.669453,312340.000,51351,2,AY,1,100,-0.164
1777235790.709454,312380.000,51351,2,AY,1,100,-0.107
1777235790.749455,312420.000,51365,3,AY,1,100,-0.093
1777235790.789456,312460.000,51365,3,AY,1,100,-0.103
1777235790.829457,312500.000,51365,3,AY,1,100,-0.141
1777235790.869457,312540.000,51382,2,AY,1,100,-0.138
1777235790.909458,312580.000,51382,2,AY,1,100,-0.219
1777235790.949459,312620.000,51398,3,AY,1,100,-0.271
1777235790.989460,312660.000,51398,3,AY,1,100,-0.244
1777235791.029461,312700.000,51398,3,AY,1,100,-0.233
1777235791.069462,312740.000,51416,2,AY,1,100,-0.211
1777235791.109462,312780.000,51416,2,AY,1,100,-0.190
1777235791.149463,312820.000,51432,3,AY,1,100,-0.179
1777235791.189464,312860.000,51432,3,AY,1,100,-0.170
1777235791.229465,312900.000,51432,3,AY,1,100,-0.173
1777235791.269466,312940.000,51449,2,AY,1,100,-0.202
1777235791.309467,312980.000,51449,2,AY,1,100,-0.211
1777235791.349468,313020.000,51466,3,AY,1,100,-0.226
1777235791.389468,313060.000,51466,3,AY,1,100,-0.228
1777235791.429469,313100.000,51466,3,AY,1,100,-0.217
1777235791.469470,313140.000,51483,3,AY,1,100,-0.213
1777235791.509471,313180.000,51483,3,AY,1,100,-0.194
1777235791.549472,313220.000,51483,3,AY,1,100,-0.191
1777235791.589473,313260.000,51498,2,AY,1,100,-0.182
1777235791.629474,313300.000,51498,2,AY,1,100,-0.179
1777235791.669474,313340.000,51523,4,AY,1,100,-0.210
1777235791.709475,313380.000,51523,4,AY,1,100,-0.208
1777235791.749476,313420.000,51523,4,AY,1,100,-0.187
1777235791.789477,313460.000,51523,4,AY,1,100,-0.205
1777235791.829478,313500.000,51537,2,AY,1,100,-0.216
1777235791.869479,313540.000,51537,2,AY,1,100,-0.215
1777235791.909479,313580.000,51554,3,AY,1,100,-0.244
1777235791.949480,313620.000,51554,3,AY,1,100,-0.245
1777235791.989481,313660.000,51554,3,AY,1,100,-0.225
1777235792.029482,313700.000,51571,2,AY,1,100,-0.176
1777235792.069483,313740.000,51571,2,AY,1,100,-0.148
1777235792.109484,313780.000,51590,3,AY,1,100,-0.107
1777235792.149485,313820.000,51590,3,AY,1,100,0.085
1777235792.189485,313860.000,51590,3,AY,1,100,0.213
1777235792.225153,313895.667,51604,3,AY,1,100,0.211
1777235792.260820,313931.333,51604,3,AY,1,100,0.123
1777235792.296488,313967.000,51604,3,AY,1,100,-0.023
1777235792.336488,314007.000,51622,2,AY,1,100,-0.300
1777235792.376489,314047.000,51622,2,AY,1,100,-0.397
1777235792.416490,314087.000,51638,3,AY,1,100,-0.432
1777235792.456491,314127.000,51638,3,AY,1,100,-0.347
1777235792.496492,314167.000,51638,3,AY,1,100,-0.306
1777235792.536493,314207.000,51655,2,AY,1,100,-0.463
1777235792.576494,314247.000,51655,2,AY,1,100,-0.575
1777235792.616828,314287.333,51669,3,AY,1,100,-0.784
1777235792.657162,314327.667,51669,3,AY,1,100,-0.762
1777235792.697496,314368.000,51669,3,AY,1,100,-0.745
1777235792.736997,314407.500,51687,2,AY,1,100,-0.722
1777235792.776498,314447.000,51687,2,AY,1,100,-0.582
1777235792.816499,314487.000,51703,3,AY,1,100,-0.429
1777235792.856499,314527.000,51703,3,AY,1,100,-0.221
1777235792.896500,314567.000,51703,3,AY,1,100,0.023
1777235792.936501,314607.000,51720,2,AY,1,100,0.149
1777235792.976502,314647.000,51720,2,AY,1,100,0.072
1777235793.016503,314687.000,51736,3,AY,1,100,0.134
1777235793.056504,314727.000,51736,3,AY,1,100,-0.075
1777235793.096505,314767.000,51736,3,AY,1,100,-0.108
1777235793.136505,314807.000,51752,3,AY,1,100,-0.310
1777235793.176506,314847.000,51752,3,AY,1,100,-0.553
1777235793.216507,314887.000,51752,3,AY,1,100,-0.903
1777235793.256508,314927.000,51768,2,AY,1,100,-0.940
1777235793.296509,314967.000,51768,2,AY,1,100,-0.814
1777235793.336510,315007.000,51786,3,AY,1,100,-0.768
1777235793.376511,315047.000,51786,3,AY,1,100,-0.802
1777235793.416511,315087.000,51786,3,AY,1,100,-0.726
1777235793.456512,315127.000,51802,2,AY,1,100,-0.669
1777235793.496513,315167.000,51802,2,AY,1,100,-0.572
1777235793.536514,315207.000,51817,3,AY,1,100,-0.330
1777235793.576515,315247.000,51817,3,AY,1,100,-0.040
1777235793.616516,315287.000,51817,3,AY,1,100,0.095
1777235793.656517,315327.000,51834,2,AY,1,100,0.203
1777235793.696517,315367.000,51834,2,AY,1,100,0.238
1777235793.736518,315407.000,51851,3,AY,1,100,0.173
1777235793.776519,315447.000,51851,3,AY,1,100,-0.152
1777235793.816520,315487.000,51851,3,AY,1,100,-0.455
1777235793.856521,315527.000,51867,2,AY,1,100,-0.672
1777235793.896522,315567.000,51867,2,AY,1,100,-0.985
1777235793.936522,315607.000,51884,3,AY,1,100,-0.635
1777235793.976523,315647.000,51884,3,AY,1,100,-0.648
1777235794.016524,315687.000,51884,3,AY,1,100,-0.594
1777235794.056525,315727.000,51901,2,AY,1,100,-0.585
1777235794.096526,315767.000,51901,2,AY,1,100,-0.546
1777235794.136527,315807.000,51918,3,AY,1,100,-0.554
1777235794.176528,315847.000,51918,3,AY,1,100,-0.594
1777235794.216528,315887.000,51918,3,AY,1,100,-0.462
1777235794.256529,315927.000,51934,3,AY,1,100,-0.052
1777235794.296530,315967.000,51934,3,AY,1,100,0.184
1777235794.336531,316007.000,51934,3,AY,1,100,0.199
1777235794.376532,316047.000,51950,2,AY,1,100,0.334
1777235794.416533,316087.000,51950,2,AY,1,100,0.317
1777235794.456533,316127.000,51966,3,AY,1,100,0.204
1777235794.496534,316167.000,51966,3,AY,1,100,0.043
1777235794.536535,316207.000,51966,3,AY,1,100,-0.193
1777235794.576536,316247.000,51983,2,AY,1,100,-0.538
1777235794.616537,316287.000,51983,2,AY,1,100,-0.728
1777235794.651871,316322.333,52002,3,AY,1,100,-0.881
1777235794.687205,316357.667,52002,3,AY,1,100,-0.974
1777235794.722539,316393.000,52002,3,AY,1,100,-0.923
1777235794.762540,316433.000,52017,3,AY,1,100,-0.824
1777235794.802541,316473.000,52017,3,AY,1,100,-0.682
1777235794.842542,316513.000,52017,3,AY,1,100,-0.677
1777235794.882542,316553.000,52033,2,AY,1,100,-0.621
1777235794.922543,316593.000,52033,2,AY,1,100,-0.557
1777235794.962544,316633.000,52050,3,AY,1,100,-0.477
1777235795.002545,316673.000,52050,3,AY,1,100,-0.218
1777235795.042546,316713.000,52050,3,AY,1,100,0.115
1777235795.082547,316753.000,52069,2,AY,1,100,0.121
1777235795.122548,316793.000,52069,2,AY,1,100,0.213
1777235795.162548,316833.000,52085,3,AY,1,100,0.152
1777235795.202549,316873.000,52085,3,AY,1,100,0.033
1777235795.242550,316913.000,52085,3,AY,1,100,-0.088
1777235795.282551,316953.000,52100,2,AY,1,100,-0.413
1777235795.322552,316993.000,52100,2,AY,1,100,-0.706
1777235795.362553,317033.000,52120,3,AY,1,100,-0.887
1777235795.402554,317073.000,52120,3,AY,1,100,-0.889
1777235795.442554,317113.000,52120,3,AY,1,100,-0.933
1777235795.482555,317153.000,52136,2,AY,1,100,-0.886
1777235795.522556,317193.000,52136,2,AY,1,100,-0.877
1777235795.562557,317233.000,52153,3,AY,1,100,-0.788
1777235795.602558,317273.000,52153,3,AY,1,100,-0.633
1777235795.642559,317313.000,52153,3,AY,1,100,-0.607
1777235795.682559,317353.000,52168,2,AY,1,100,-0.465
1777235795.722560,317393.000,52168,2,AY,1,100,-0.342
1777235795.762561,317433.000,52185,3,AY,1,100,-0.164
1777235795.802562,317473.000,52185,3,AY,1,100,0.062
1777235795.842563,317513.000,52185,3,AY,1,100,0.166
1777235795.883064,317553.500,52201,2,AY,1,100,0.117
1777235795.923564,317594.000,52201,2,AY,1,100,0.133
1777235795.963565,317634.000,52219,3,AY,1,100,0.021
1777235796.003566,317674.000,52219,3,AY,1,100,-0.183
1777235796.043567,317714.000,52219,3,AY,1,100,-0.465
1777235796.083568,317754.000,52233,3,AY,1,100,-0.719
1777235796.123569,317794.000,52233,3,AY,1,100,-0.945
1777235796.163569,317834.000,52233,3,AY,1,100,-0.979
1777235796.203570,317874.000,52252,2,AY,1,100,-0.987
1777235796.243571,317914.000,52252,2,AY,1,100,-0.889
1777235796.283572,317954.000,52268,3,AY,1,100,-0.852
1777235796.323573,317994.000,52268,3,AY,1,100,-0.720
1777235796.363574,318034.000,52268,3,AY,1,100,-0.600
1777235796.403575,318074.000,52286,2,AY,1,100,-0.578
1777235796.443575,318114.000,52286,2,AY,1,100,-0.430
1777235796.483576,318154.000,52300,3,AY,1,100,-0.212
1777235796.523577,318194.000,52300,3,AY,1,100,0.002
1777235796.563578,318234.000,52300,3,AY,1,100,0.096
1777235796.603579,318274.000,52317,2,AY,1,100,0.193
1777235796.643580,318314.000,52317,2,AY,1,100,0.144
1777235796.683581,318354.000,52334,3,AY,1,100,0.176
1777235796.723581,318394.000,52334,3,AY,1,100,0.076
1777235796.763582,318434.000,52334,3,AY,1,100,-0.078
1777235796.803583,318474.000,52356,3,AY,1,100,-0.391
1777235796.843584,318514.000,52356,3,AY,1,100,-0.907
1777235796.883585,318554.000,52356,3,AY,1,100,-1.123
1777235796.923586,318594.000,52374,3,AY,1,100,-1.255
1777235796.963587,318634.000,52374,3,AY,1,100,-1.117
1777235797.003587,318674.000,52374,3,AY,1,100,-1.025
1777235797.038921,318709.333,52391,3,AY,1,100,-0.896
1777235797.074255,318744.667,52391,3,AY,1,100,-0.892
1777235797.109590,318780.000,52391,3,AY,1,100,-0.778
1777235797.149590,318820.000,52406,2,AY,1,100,-0.719
1777235797.189591,318860.000,52406,2,AY,1,100,-0.573
1777235797.229592,318900.000,52423,3,AY,1,100,-0.324
1777235797.269593,318940.000,52423,3,AY,1,100,-0.099
1777235797.309594,318980.000,52423,3,AY,1,100,0.061
1777235797.349595,319020.000,52440,2,AY,1,100,0.053
1777235797.389596,319060.000,52440,2,AY,1,100,0.052
1777235797.429596,319100.000,52456,3,AY,1,100,0.065
1777235797.469597,319140.000,52456,3,AY,1,100,0.027
1777235797.509598,319180.000,52456,3,AY,1,100,-0.135
1777235797.549599,319220.000,52471,2,AY,1,100,-0.395
1777235797.589600,319260.000,52471,2,AY,1,100,-0.697
1777235797.629601,319300.000,52491,3,AY,1,100,-0.988
1777235797.669601,319340.000,52491,3,AY,1,100,-1.134
1777235797.709602,319380.000,52491,3,AY,1,100,-1.032
1777235797.749603,319420.000,52507,2,AY,1,100,-1.018
1777235797.789604,319460.000,52507,2,AY,1,100,-0.966
1777235797.829605,319500.000,52524,3,AY,1,100,-0.868
1777235797.869606,319540.000,52524,3,AY,1,100,-0.763
1777235797.909606,319580.000,52524,3,AY,1,100,-0.669
1777235797.949607,319620.000,52538,3,AY,1,100,-0.655
1777235797.989608,319660.000,52538,3,AY,1,100,-0.537
1777235798.029609,319700.000,52538,3,AY,1,100,-0.320
1777235798.069610,319740.000,52556,2,AY,1,100,-0.077
1777235798.109611,319780.000,52556,2,AY,1,100,0.048
1777235798.149612,319820.000,52572,3,AY,1,100,0.023
1777235798.189612,319860.000,52572,3,AY,1,100,0.062
1777235798.229613,319900.000,52572,3,AY,1,100,0.017
1777235798.269614,319940.000,52589,2,AY,1,100,-0.102
1777235798.309615,319980.000,52589,2,AY,1,100,-0.416
1777235798.349616,320020.000,52604,3,AY,1,100,-0.710
1777235798.389617,320060.000,52604,3,AY,1,100,-0.931
1777235798.429618,320100.000,52604,3,AY,1,100,-0.957
1777235798.469618,320140.000,52623,2,AY,1,100,-1.036
1777235798.509619,320180.000,52623,2,AY,1,100,-0.967
1777235798.549620,320220.000,52639,3,AY,1,100,-0.893
1777235798.589621,320260.000,52639,3,AY,1,100,-0.818
1777235798.629622,320300.000,52639,3,AY,1,100,-0.614
1777235798.669623,320340.000,52657,2,AY,1,100,-0.413
1777235798.709624,320380.000,52657,2,AY,1,100,-0.311
1777235798.749624,320420.000,52671,3,AY,1,100,-0.328
1777235798.789625,320460.000,52671,3,AY,1,100,-0.223
1777235798.829626,320500.000,52671,3,AY,1,100,-0.071
1777235798.869627,320540.000,52688,2,AY,1,100,-0.098
1777235798.909628,320580.000,52688,2,AY,1,100,-0.138
1777235798.949629,320620.000,52704,3,AY,1,100,-0.198
1777235798.989630,320660.000,52704,3,AY,1,100,-0.386
1777235799.029630,320700.000,52704,3,AY,1,100,-0.405
1777235799.069631,320740.000,52724,2,AY,1,100,-0.371
1777235799.109632,320780.000,52724,2,AY,1,100,-0.378
1777235799.149299,320819.667,52738,3,AY,1,100,-0.342
1777235799.188967,320859.333,52738,3,AY,1,100,-0.305
1777235799.228634,320899.000,52738,3,AY,1,100,-0.307
1777235799.264635,320935.000,52755,3,AY,1,100,-0.428
1777235799.300636,320971.000,52755,3,AY,1,100,-0.450
1777235799.336637,321007.000,52755,3,AY,1,100,-0.625
1777235799.376638,321047.000,52772,2,AY,1,100,-0.570
1777235799.416638,321087.000,52772,2,AY,1,100,-0.424
1777235799.456639,321127.000,52789,3,AY,1,100,-0.357
1777235799.496640,321167.000,52789,3,AY,1,100,-0.318
1777235799.536641,321207.000,52789,3,AY,1,100,-0.396
1777235799.576642,321247.000,52804,2,AY,1,100,-0.400
1777235799.616643,321287.000,52804,2,AY,1,100,-0.455
1777235799.656644,321327.000,52821,3,AY,1,100,-0.478
1777235799.696644,321367.000,52821,3,AY,1,100,-0.603
1777235799.736645,321407.000,52821,3,AY,1,100,-0.419
1777235799.776646,321447.000,52837,2,AY,1,100,-0.408
1777235799.816647,321487.000,52837,2,AY,1,100,-0.359
1777235799.856648,321527.000,52854,3,AY,1,100,-0.356
1777235799.896649,321567.000,52854,3,AY,1,100,-0.428
1777235799.936650,321607.000,52854,3,AY,1,100,-0.413
1777235799.976650,321647.000,52871,3,AY,1,100,-0.421
1777235800.016651,321687.000,52871,3,AY,1,100,-0.357
1777235800.056652,321727.000,52871,3,AY,1,100,-0.367
1777235800.096653,321767.000,52888,2,AY,1,100,-0.370
1777235800.136654,321807.000,52888,2,AY,1,100,-0.379
1777235800.176655,321847.000,52904,3,AY,1,100,-0.377
1777235800.216655,321887.000,52904,3,AY,1,100,-0.422
1777235800.256656,321927.000,52904,3,AY,1,100,-0.404
1777235800.296657,321967.000,52921,2,AY,1,100,-0.405
1777235800.336658,322007.000,52921,2,AY,1,100,-0.356
1777235800.376659,322047.000,52938,3,AY,1,100,-0.373
1777235800.416660,322087.000,52938,3,AY,1,100,-0.379
1777235800.456661,322127.000,52938,3,AY,1,100,-0.389
1777235800.496661,322167.000,52953,2,AY,1,100,-0.387
1777235800.536662,322207.000,52953,2,AY,1,100,-0.371
1777235800.576663,322247.000,52969,3,AY,1,100,-0.366
1777235800.616664,322287.000,52969,3,AY,1,100,-0.358
1777235800.656665,322327.000,52969,3,AY,1,100,-0.372
1777235800.696666,322367.000,52989,2,AY,1,100,-0.383
1777235800.736666,322407.000,52989,2,AY,1,100,-0.383
1777235800.776667,322447.000,53005,3,AY,1,100,-0.376
1777235800.816668,322487.000,53005,3,AY,1,100,-0.363
1777235800.856669,322527.000,53005,3,AY,1,100,-0.376
1777235800.896670,322567.000,53020,2,AY,1,100,-0.371
1777235800.936671,322607.000,53020,2,AY,1,100,-0.327
1777235800.976671,322647.000,53037,3,AY,1,100,-0.329
1777235801.016672,322687.000,53037,3,AY,1,100,-0.362
1777235801.056673,322727.000,53037,3,AY,1,100,-0.351
1777235801.096674,322767.000,53054,3,AY,1,100,-0.382
1777235801.136675,322807.000,53054,3,AY,1,100,-0.349
1777235801.176676,322847.000,53054,3,AY,1,100,-0.320
1777235801.216676,322887.000,53070,2,AY,1,100,-0.350
1777235801.256677,322927.000,53070,2,AY,1,100,-0.341
1777235801.296345,322966.667,53085,3,AY,1,100,-0.345
1777235801.336012,323006.333,53085,3,AY,1,100,-0.346
1777235801.375680,323046.000,53085,3,AY,1,100,-0.351
1777235801.415681,323086.000,53102,2,AY,1,100,-0.344
1777235801.455682,323126.000,53102,2,AY,1,100,-0.353
1777235801.495682,323166.000,53119,3,AY,1,100,-0.353
1777235801.535683,323206.000,53119,3,AY,1,100,-0.345
1777235801.575684,323246.000,53119,3,AY,1,100,-0.352
1777235801.615685,323286.000,53135,2,AY,1,100,-0.348
1777235801.655686,323326.000,53135,2,AY,1,100,-0.347
1777235801.691353,323361.667,53152,3,AY,1,100,-0.358
1777235801.727021,323397.333,53152,3,AY,1,100,-0.342
1777235801.762688,323433.000,53152,3,AY,1,100,-0.342
1777235801.802689,323473.000,53167,3,AY,1,100,-0.387
1777235801.842690,323513.000,53167,3,AY,1,100,-0.370
1777235801.882691,323553.000,53167,3,AY,1,100,-0.350
1777235801.922358,323592.667,53187,3,AY,1,100,-0.343
1777235801.962026,323632.333,53187,3,AY,1,100,-0.353
1777235802.001693,323672.000,53187,3,AY,1,100,-0.361
1777235802.042027,323712.333,53204,3,AY,1,100,-0.364
1777235802.082361,323752.667,53204,3,AY,1,100,-0.378
1777235802.122696,323793.000,53204,3,AY,1,100,-0.337
1777235802.162697,323833.000,53221,2,AY,1,100,-0.355
1777235802.202698,323873.000,53221,2,AY,1,100,-0.362
1777235802.242698,323913.000,53237,3,AY,1,100,-0.356
1777235802.282699,323953.000,53237,3,AY,1,100,-0.359
1777235802.322700,323993.000,53237,3,AY,1,100,-0.353
1777235802.362201,324032.500,53253,2,AY,1,100,-0.361
1777235802.401702,324072.000,53253,2,AY,1,100,-0.355
1777235802.442036,324112.333,53269,3,AY,1,100,-0.355
1777235802.482370,324152.667,53269,3,AY,1,100,-0.358
1777235802.522704,324193.000,53269,3,AY,1,100,-0.354
1777235802.562205,324232.500,53286,2,AY,1,100,-0.358
1777235802.601706,324272.000,53286,2,AY,1,100,-0.361
1777235802.642040,324312.333,53303,3,AY,1,100,-0.354
1777235802.682374,324352.667,53303,3,AY,1,100,-0.354
1777235802.722708,324393.000,53303,3,AY,1,100,-0.359
1777235802.762209,324432.500,53318,2,AY,1,100,-0.363
1777235802.801710,324472.000,53318,2,AY,1,100,-0.358
1777235802.841711,324512.000,53334,3,AY,1,100,-0.360
1777235802.881712,324552.000,53334,3,AY,1,100,-0.359
1777235802.921713,324592.000,53334,3,AY,1,100,-0.360
1777235802.961714,324632.000,53351,2,AY,1,100,-0.356
1777235803.001714,324672.000,53351,2,AY,1,100,-0.362
1777235803.041715,324712.000,53368,3,AY,1,100,-0.362
1777235803.081716,324752.000,53368,3,AY,1,100,-0.356
1777235803.121717,324792.000,53368,3,AY,1,100,-0.360
1777235803.161718,324832.000,53383,2,AY,1,100,-0.359
1777235803.201719,324872.000,53383,2,AY,1,100,-0.362
1777235803.241719,324912.000,53399,3,AY,1,100,-0.358
1777235803.281720,324952.000,53399,3,AY,1,100,-0.359
1777235803.321721,324992.000,53399,3,AY,1,100,-0.355
1777235803.361722,325032.000,53417,3,AY,1,100,-0.355
1777235803.401723,325072.000,53417,3,AY,1,100,-0.355
1777235803.441724,325112.000,53417,3,AY,1,100,-0.356
1777235803.481725,325152.000,53433,2,AY,1,100,-0.353
1777235803.521725,325192.000,53433,2,AY,1,100,-0.352
1777235803.561726,325232.000,53448,3,AY,1,100,-0.355
1777235803.601727,325272.000,53448,3,AY,1,100,-0.348
1777235803.641728,325312.000,53448,3,AY,1,100,-0.346
1777235803.681729,325352.000,53465,2,AY,1,100,-0.352
1777235803.721730,325392.000,53465,2,AY,1,100,-0.352
1777235803.761730,325432.000,53482,3,AY,1,100,-0.351
1777235803.801731,325472.000,53482,3,AY,1,100,-0.355
1777235803.841732,325512.000,53482,3,AY,1,100,-0.349
1777235803.877733,325548.000,53498,3,AY,1,100,-0.348
1777235803.913734,325584.000,53498,3,AY,1,100,-0.349
1777235803.949734,325620.000,53498,3,AY,1,100,-0.351
1777235803.989735,325660.000,53514,2,AY,1,100,-0.348
1777235804.029736,325700.000,53514,2,AY,1,100,-0.349
1777235804.069404,325739.667,53530,3,AY,1,100,-0.350
1777235804.109071,325779.333,53530,3,AY,1,100,-0.353
1777235804.148739,325819.000,53530,3,AY,1,100,-0.346
1777235804.188740,325859.000,53547,2,AY,1,100,-0.353
1777235804.228740,325899.000,53547,2,AY,1,100,-0.348
1777235804.268741,325939.000,53563,3,AY,1,100,-0.350
1777235804.308742,325979.000,53563,3,AY,1,100,-0.352
1777235804.348743,326019.000,53563,3,AY,1,100,-0.349
1777235804.388744,326059.000,53581,2,AY,1,100,-0.350
1777235804.428745,326099.000,53581,2,AY,1,100,-0.350
1777235804.468745,326139.000,53595,3,AY,1,100,-0.348
1777235804.508746,326179.000,53595,3,AY,1,100,-0.350
1777235804.548747,326219.000,53595,3,AY,1,100,-0.352
1777235804.588748,326259.000,53612,2,AY,1,100,-0.356
1777235804.628749,326299.000,53612,2,AY,1,100,-0.348
1777235804.668750,326339.000,53629,3,AY,1,100,-0.353
1777235804.708750,326379.000,53629,3,AY,1,100,-0.352
1777235804.748751,326419.000,53629,3,AY,1,100,-0.353
1777235804.788752,326459.000,53646,2,AY,1,100,-0.353
1777235804.828753,326499.000,53646,2,AY,1,100,-0.354
